-- MySQL dump 10.13  Distrib 8.0.17, for Win64 (x86_64)
--
-- Host: 59.20.215.149    Database: jspmodel2
-- ------------------------------------------------------
-- Server version	5.7.31-0ubuntu0.16.04.1

/*!40101 SET @OLD_CHARACTER_SET_CLIENT=@@CHARACTER_SET_CLIENT */;
/*!40101 SET @OLD_CHARACTER_SET_RESULTS=@@CHARACTER_SET_RESULTS */;
/*!40101 SET @OLD_COLLATION_CONNECTION=@@COLLATION_CONNECTION */;
/*!50503 SET NAMES utf8 */;
/*!40103 SET @OLD_TIME_ZONE=@@TIME_ZONE */;
/*!40103 SET TIME_ZONE='+00:00' */;
/*!40014 SET @OLD_UNIQUE_CHECKS=@@UNIQUE_CHECKS, UNIQUE_CHECKS=0 */;
/*!40014 SET @OLD_FOREIGN_KEY_CHECKS=@@FOREIGN_KEY_CHECKS, FOREIGN_KEY_CHECKS=0 */;
/*!40101 SET @OLD_SQL_MODE=@@SQL_MODE, SQL_MODE='NO_AUTO_VALUE_ON_ZERO' */;
/*!40111 SET @OLD_SQL_NOTES=@@SQL_NOTES, SQL_NOTES=0 */;

--
-- Table structure for table `admin`
--

DROP TABLE IF EXISTS `admin`;
/*!40101 SET @saved_cs_client     = @@character_set_client */;
/*!50503 SET character_set_client = utf8mb4 */;
CREATE TABLE `admin` (
  `adminNo` int(100) NOT NULL,
  `adminPassword` varchar(10) NOT NULL,
  `adminLevel` int(10) NOT NULL DEFAULT '5',
  PRIMARY KEY (`adminNo`)
) ENGINE=InnoDB DEFAULT CHARSET=utf8;
/*!40101 SET character_set_client = @saved_cs_client */;

--
-- Dumping data for table `admin`
--

LOCK TABLES `admin` WRITE;
/*!40000 ALTER TABLE `admin` DISABLE KEYS */;
INSERT INTO `admin` VALUES (1,'123',1),(2,'123',2),(3,'123',3),(4,'123',4),(5,'123',5),(6,'123',5);
/*!40000 ALTER TABLE `admin` ENABLE KEYS */;
UNLOCK TABLES;

--
-- Table structure for table `ceo`
--

DROP TABLE IF EXISTS `ceo`;
/*!40101 SET @saved_cs_client     = @@character_set_client */;
/*!50503 SET character_set_client = utf8mb4 */;
CREATE TABLE `ceo` (
  `ceoNo` int(11) NOT NULL AUTO_INCREMENT,
  `email` varchar(100) NOT NULL,
  `password` varchar(20) NOT NULL,
  `name` varchar(45) NOT NULL,
  `phone` varchar(20) NOT NULL,
  `permission` varchar(10) NOT NULL DEFAULT 'F',
  PRIMARY KEY (`ceoNo`),
  UNIQUE KEY `email_UNIQUE` (`email`)
) ENGINE=InnoDB AUTO_INCREMENT=6 DEFAULT CHARSET=utf8;
/*!40101 SET character_set_client = @saved_cs_client */;

--
-- Dumping data for table `ceo`
--

LOCK TABLES `ceo` WRITE;
/*!40000 ALTER TABLE `ceo` DISABLE KEYS */;
INSERT INTO `ceo` VALUES (1,'taewoo@naver.com','1234','이태우','01023445131','T'),(2,'ceosuwon@naver.com','123456789a','조수원','01044173371','T'),(3,'mi@naver.com','m00000000','미미','01012340000','T'),(4,'m6ydz642ceo@naver.com','1234','m6ydz642ceo','01028018810','T'),(5,'jin@naver.com','123','김진영','01012345678','T');
/*!40000 ALTER TABLE `ceo` ENABLE KEYS */;
UNLOCK TABLES;

--
-- Table structure for table `coupon`
--

DROP TABLE IF EXISTS `coupon`;
/*!40101 SET @saved_cs_client     = @@character_set_client */;
/*!50503 SET character_set_client = utf8mb4 */;
CREATE TABLE `coupon` (
  `couponNo` int(10) NOT NULL AUTO_INCREMENT,
  `customerNo` int(11) NOT NULL,
  `name` varchar(100) NOT NULL,
  `discount` int(10) NOT NULL,
  `expDate` timestamp NULL DEFAULT NULL,
  `used` varchar(45) DEFAULT 'F',
  PRIMARY KEY (`couponNo`)
) ENGINE=InnoDB AUTO_INCREMENT=5 DEFAULT CHARSET=utf8;
/*!40101 SET character_set_client = @saved_cs_client */;

--
-- Dumping data for table `coupon`
--

LOCK TABLES `coupon` WRITE;
/*!40000 ALTER TABLE `coupon` DISABLE KEYS */;
INSERT INTO `coupon` VALUES (1,2,'룰렛이벤트 10% 할인 쿠폰',10,'2020-09-16 15:00:00','T'),(2,3,'룰렛이벤트 5% 할인 쿠폰',5,'2020-09-16 15:00:00','T'),(3,8,'룰렛이벤트 5% 할인 쿠폰',5,'2020-09-16 15:00:00','F'),(4,1,'룰렛이벤트 20% 할인 쿠폰',20,'2020-09-16 15:00:00','F');
/*!40000 ALTER TABLE `coupon` ENABLE KEYS */;
UNLOCK TABLES;

--
-- Table structure for table `customer`
--

DROP TABLE IF EXISTS `customer`;
/*!40101 SET @saved_cs_client     = @@character_set_client */;
/*!50503 SET character_set_client = utf8mb4 */;
CREATE TABLE `customer` (
  `customerNo` int(10) NOT NULL AUTO_INCREMENT,
  `email` varchar(100) NOT NULL,
  `password` varchar(100) NOT NULL,
  `nickname` varchar(45) NOT NULL,
  `roadAddress` varchar(100) NOT NULL,
  `detailAddress` varchar(100) NOT NULL,
  `bname` varchar(45) NOT NULL,
  `phone` varchar(20) NOT NULL,
  `grade` int(10) NOT NULL DEFAULT '5',
  `agreeAD` varchar(10) NOT NULL DEFAULT 'F',
  `sido` varchar(45) NOT NULL,
  PRIMARY KEY (`customerNo`),
  UNIQUE KEY `email_UNIQUE` (`email`)
) ENGINE=InnoDB AUTO_INCREMENT=9 DEFAULT CHARSET=utf8;
/*!40101 SET character_set_client = @saved_cs_client */;

--
-- Dumping data for table `customer`
--

LOCK TABLES `customer` WRITE;
/*!40000 ALTER TABLE `customer` DISABLE KEYS */;
INSERT INTO `customer` VALUES (1,'jyc9494@naver.com','1F6AEB9CF4DAD1EEA33B1929625934B554121E22D5D355C5E953F50C5FF29344','조수원','부산 부산진구 동천로 109','7층','부전동','01044173371',5,'T','부산'),(2,'m6ydz642@naver.com','78639F8F61D75DAA235C7612675004DA1725ED01E3D807E79CF52209831F35CF','m6ydz642','부산 부산진구 동천로 109 ','아이티윌','부전동','01028018810',5,'T','부산'),(3,'mi@naver.com','F016E647F002AC63A1A9FAA4E80D0374','mi','부산 부산진구 동천로 109','아이티윌','부전동','01012341234',5,'T','부산'),(6,'ernie2030@naver.com','CD77011FF6AA2F2EED0718B77F78718C7E0ADD537BCD814FC8C0DAB9835CAB7E','승용','부산 부산진구 동천로 109','7층','부전동','01012341234',5,'T','부산'),(7,'josuwon3371@google.com','08D0E7ABB4074176C747ABA38D821AF300232E1AD40A87ED34FAA8D5756F5730','조수원2','부산 동래구 충렬대로 197','1층','명륜동','01044173371',5,'T','부산'),(8,'joonyoung@naver.com','888FF699FE1C0C8BBE7671CDA5FC02B4FC474993501224368B2F4EB5ED31F2A3','joonyoung','부산 부산진구 동천로 109','아이티 윌','부전동','01028018810',5,'T','부산');
/*!40000 ALTER TABLE `customer` ENABLE KEYS */;
UNLOCK TABLES;

--
-- Table structure for table `delivengers`
--

DROP TABLE IF EXISTS `delivengers`;
/*!40101 SET @saved_cs_client     = @@character_set_client */;
/*!50503 SET character_set_client = utf8mb4 */;
CREATE TABLE `delivengers` (
  `delivengersNo` int(11) NOT NULL,
  `password` varchar(45) NOT NULL,
  PRIMARY KEY (`delivengersNo`)
) ENGINE=InnoDB DEFAULT CHARSET=utf8;
/*!40101 SET character_set_client = @saved_cs_client */;

--
-- Dumping data for table `delivengers`
--

LOCK TABLES `delivengers` WRITE;
/*!40000 ALTER TABLE `delivengers` DISABLE KEYS */;
INSERT INTO `delivengers` VALUES (1,'1234'),(2,'1234'),(3,'1234');
/*!40000 ALTER TABLE `delivengers` ENABLE KEYS */;
UNLOCK TABLES;

--
-- Table structure for table `delivery`
--

DROP TABLE IF EXISTS `delivery`;
/*!40101 SET @saved_cs_client     = @@character_set_client */;
/*!50503 SET character_set_client = utf8mb4 */;
CREATE TABLE `delivery` (
  `delivengersNo` int(11) NOT NULL,
  `orderNo` int(11) NOT NULL,
  `departureTime` timestamp NULL DEFAULT CURRENT_TIMESTAMP,
  `arrivalTime` timestamp NULL DEFAULT '1998-12-31 15:00:01',
  PRIMARY KEY (`orderNo`)
) ENGINE=InnoDB DEFAULT CHARSET=utf8;
/*!40101 SET character_set_client = @saved_cs_client */;

--
-- Dumping data for table `delivery`
--

LOCK TABLES `delivery` WRITE;
/*!40000 ALTER TABLE `delivery` DISABLE KEYS */;
INSERT INTO `delivery` VALUES (1,1,'2020-09-14 03:56:12','2020-09-14 03:56:17'),(1,2,'2020-09-14 05:57:21','2020-09-14 06:02:51'),(1,3,'2020-09-14 06:02:36','2020-09-14 06:02:42'),(1,5,'2020-09-14 08:01:29','2020-09-14 08:01:32');
/*!40000 ALTER TABLE `delivery` ENABLE KEYS */;
UNLOCK TABLES;

--
-- Table structure for table `menu`
--

DROP TABLE IF EXISTS `menu`;
/*!40101 SET @saved_cs_client     = @@character_set_client */;
/*!50503 SET character_set_client = utf8mb4 */;
CREATE TABLE `menu` (
  `menuNo` int(11) NOT NULL AUTO_INCREMENT,
  `storeNo` int(10) NOT NULL,
  `name` varchar(50) NOT NULL,
  `price` int(10) NOT NULL,
  `image` varchar(45) DEFAULT NULL,
  `category` varchar(45) NOT NULL,
  PRIMARY KEY (`menuNo`),
  KEY `fk_menu_storeNo_idx` (`storeNo`),
  CONSTRAINT `fk_menu_storeNo` FOREIGN KEY (`storeNo`) REFERENCES `store` (`storeNo`) ON DELETE CASCADE ON UPDATE NO ACTION
) ENGINE=InnoDB AUTO_INCREMENT=483 DEFAULT CHARSET=utf8;
/*!40101 SET character_set_client = @saved_cs_client */;

--
-- Dumping data for table `menu`
--

LOCK TABLES `menu` WRITE;
/*!40000 ALTER TABLE `menu` DISABLE KEYS */;
INSERT INTO `menu` VALUES (2,1,'뼈 있는 찜닭',20000,'뼈찜닭2.jpg','주 메뉴'),(3,1,'순살 찜닭',22000,'순살찜닭.jpg','주 메뉴'),(4,1,'공기밥',1000,'공기밥.jpg','사이드 메뉴'),(5,1,'콜라',2000,'콜라.jpg','음료/주류'),(6,1,'사이다',2000,'스프라이트.jpg','음료/주류'),(7,3,'돈까스 정식',8000,'돈까스정식.jpg','세트 메뉴'),(8,3,'충무김밥',4000,'충무김밥.jpg','주 메뉴'),(9,3,'냉면',7000,'라면.jpg','주 메뉴'),(11,3,'공기밥',1000,'공기밥1.jpg','사이드 메뉴'),(12,3,'계란후라이 2개',2000,'계란후라이.jpg','사이드 메뉴'),(13,5,'김치볶음밥',9000,'집밥2선생 김치볶음밥.jpg','주 메뉴'),(14,3,'엄청 시원한 콜라',2000,'콜라1.jpg','음료/주류'),(15,5,'강된장짜글이',9000,'집밥e선생 강된장짜글이.jpg.png','주 메뉴'),(16,4,'치즈볼',5000,'치즈볼1.jpg','사이드 메뉴'),(17,5,'김치삼겹두루치기',9000,'김치삼겹두루치기.jpg','주 메뉴'),(18,4,'11분치킨',15000,'치킨11.jpeg','주 메뉴'),(19,5,'냉면',5000,'냉면.jpg','사이드 메뉴'),(20,4,'환타 ',1500,'환타.jpg','음료/주류'),(21,4,'파인애플 주스',2000,'파인애플주스.jpg','음료/주류'),(22,5,'콜라500ml',1500,'콜라2.jpg','음료/주류'),(23,5,'사이다500ml',1500,'사이다.jpg','음료/주류'),(24,6,'모듬튀김',5000,'모둠튀김.jpg','사이드 메뉴'),(25,7,'존맛 세트 ',23000,'초밥1.jpg','세트 메뉴'),(26,7,'유뷰초밥',5000,'유부.PNG','주 메뉴'),(27,6,'새우튀김4P',3000,'새우튀김4P.jpg','사이드 메뉴'),(28,7,'사이다',1000,'사이다1.jpg','음료/주류'),(29,7,'공기밥',1000,'공기밥2.jpg','사이드 메뉴'),(30,8,'찹살 탕수육',15000,'찹살탕수육.jpg','주 메뉴'),(31,8,'매콤간장탕수육',15000,'매콤간장탕수육.jpg','주 메뉴'),(32,8,'햄야채볶음밥',5000,'햄야채볶음밥.jpg','사이드 메뉴'),(33,8,'새우볶음밥',5000,'새우볶음밥.jpg','사이드 메뉴'),(34,6,'돈스\'s 차돌떡볶이',10900,'돈스차돌떡볶이.jpg','주 메뉴'),(35,9,'오징어볶음도시락',8000,'오징어볶음도시락.jpg','주 메뉴'),(36,6,'고구마튀김4P',3000,'고구마튀김4P.jpg','사이드 메뉴'),(37,9,'불고기도시락',8000,'불고기도시락.jpg','주 메뉴'),(38,10,'짜장면',10000,'짜장면.png','주 메뉴'),(39,10,'짬뽕',10000,'짬뽕.png','주 메뉴'),(40,11,'탕수육 + 짜장1',15000,'탕수육짜장.jpg','세트 메뉴'),(41,9,'제육볶음도시락',8000,'제육볶음도시락.jpg','주 메뉴'),(42,11,'차돌박이짬뽕',8000,'차돌박이짬뽕.jpg','주 메뉴'),(43,11,'중화비빔밥',8000,'중화비빔밥.jpg','주 메뉴'),(44,10,'짜장맛치즈볼',5000,'치즈볼2.jpg','사이드 메뉴'),(45,9,'치즈스틱',2000,'치즈스틱.jpg','사이드 메뉴'),(46,11,'고추 군만두',5000,'고추군만두.jpg','사이드 메뉴'),(47,11,'스프라이트',2000,'스프라이트1.jpg','음료/주류'),(48,10,'사이다',1500,'사이다2.jpg','음료/주류'),(49,12,'육회(고추장)',10000,'육회.jpg','주 메뉴'),(50,9,'계란후라이',1000,'계란후라이1.jpg','사이드 메뉴'),(51,9,'콜라500ml',1500,'콜라3.jpg','음료/주류'),(52,9,'사이다500ml',1500,'사이다3.jpg','음료/주류'),(53,13,'시카고짬뽕',7000,'시카고짬뽕.jpg','주 메뉴'),(54,13,'크림짬뽕',8000,'크림짬뽕.jpg','주 메뉴'),(55,13,'로제짬뽕',8000,'로제짬뽕.jpg','주 메뉴'),(56,13,'군만두 6p',5000,'군만두6p.jpg','사이드 메뉴'),(57,13,'소이치킨5p',5000,'소이치킨5p.jpg','사이드 메뉴'),(58,14,'안심생돈까스',7000,'안심생돈까스.jpg','주 메뉴'),(59,15,'짜장면',5000,'짜장면.jpg','주 메뉴'),(60,15,'삼선짬뽕',7000,'삼선짬뽕.jpg','주 메뉴'),(61,14,'돈코츠라멘',8000,'돈코츠라멘.jpg','주 메뉴'),(62,15,'새우볶음밥',7000,'새우볶음밥1.jpg','주 메뉴'),(64,14,'등심생돈까스',7000,'등심생돈까스.jpg','주 메뉴'),(65,14,'냉모밀',8000,'냉모밀.jpg','주 메뉴'),(66,15,'탕수육+군만두+짜장면2',25000,'탕수육군만두짜장면21.jpg','세트 메뉴'),(67,15,'공기밥',1000,'공기밥3.jpg','사이드 메뉴'),(68,16,'아메아메아메아메',1000,'아메리카노jpg.PNG','주 메뉴'),(69,14,'탄탄멘',9000,'탄탄멘.jpg','주 메뉴'),(70,16,'카푸카푸카푸카푸',1500,'카푸치노.jpg','주 메뉴'),(71,12,'육회비빔밥',9000,'육회비빔밥.jpg','주 메뉴'),(72,16,'파인파인파인파인',1500,'파인애플주스1.jpg','주 메뉴'),(73,17,'훠거세트',30000,'신흥원훠거1.jpg','세트 메뉴'),(74,14,'오징어젓갈',4000,'오징어젓갈.jpg','사이드 메뉴'),(75,12,'연어100g',8000,'연어100g.jpg','사이드 메뉴'),(76,16,'건강 주스 ',5000,'환타1.jpg','세트 메뉴'),(77,14,'낙지젓갈',4000,'낙지젓갈.jpg','사이드 메뉴'),(78,17,'소고기 마라탕',10000,'마라탕.jpg','주 메뉴'),(79,17,'양고기 마라탕',10000,'마라탕1.jpg','주 메뉴'),(80,14,'콜라500ml',1500,'콜라4.jpg','음료/주류'),(81,12,'육사시미100g',12000,'육사시미100g.jpg','주 메뉴'),(82,14,'사이다500ml',1500,'사이다4.jpg','음료/주류'),(83,17,'꿔바로우',12000,'꿔바로우.jpg','주 메뉴'),(84,17,'양꼬치10p',15000,'양꼬치10.jpg','사이드 메뉴'),(85,17,'콜라',2000,'콜라5.jpg','음료/주류'),(86,17,'환타',2000,'환타2.jpg','음료/주류'),(87,12,'공기밥',1000,'공기밥4.jpg','사이드 메뉴'),(88,12,'콜라355ml',1500,'콜라355ml.jpg','음료/주류'),(89,18,'매운닭찜',5000,'닭1.png','주 메뉴'),(90,18,'닭볶음탕',10000,'닭도리.png','주 메뉴'),(91,18,'사이다',1500,'사이다5.jpg','사이드 메뉴'),(92,20,'새우볶음밥',8000,'새우볶음밥3.jpg','주 메뉴'),(93,20,'사천탕수육',17000,'사천탕수육.jpg','주 메뉴'),(94,21,'핫버거 세트',20000,'치킨.PNG','세트 메뉴'),(95,20,'찹쌀탕수육',17000,'찹쌀탕수육.jpg','주 메뉴'),(96,21,'뚱버거 세트',50000,'뚱버거.PNG','세트 메뉴'),(97,20,'짜장면',8000,'짜장면1.jpg','주 메뉴'),(98,20,'짬뽕',8500,'짬뽕.jpg','주 메뉴'),(99,21,'치즈볼 ',5000,'치즈볼3.jpg','사이드 메뉴'),(100,20,'냉면',8500,'울면.jpg','주 메뉴'),(101,21,'사이다 ',5000,'사이다6.jpg','사이드 메뉴'),(102,20,'군만두',5000,'군만두.jpg','사이드 메뉴'),(103,20,'콜라500ml',1000,'콜라6.jpg','음료/주류'),(104,20,'사이다500ml',1000,'사이다7.jpg','음료/주류'),(107,22,'곱창 볶음',20000,'곱창전골.jpg','세트 메뉴'),(108,22,'곱창전골',15000,'미미곱창1.jpg','주 메뉴'),(110,22,'라면사리',5000,'라면사리.jpg','사이드 메뉴'),(111,22,'사이다',5000,'사이다8.jpg','음료/주류'),(112,22,'환타 ',5000,'환타3.jpg','음료/주류'),(114,23,'짜장면',5000,'짜장면2.jpg','주 메뉴'),(115,24,'돈코츠라멘',8000,'돈코츠라멘5.jpg','세트 메뉴'),(116,23,'간짜장',7000,'간짜장.jpg','주 메뉴'),(117,23,'짬뽕',7000,'짬뽕1.jpg','주 메뉴'),(118,26,'돼지짜글이 2人 (찌개2)',15000,'돼지짜글이 2인.jpg','세트 메뉴'),(119,23,'볶음밥',7000,'볶음밥.jpg','주 메뉴'),(120,26,'불고기덮밥 2人',18000,'불고기 세트.jpg','세트 메뉴'),(121,23,'탕수육',18000,'탕수육.jpg','주 메뉴'),(122,26,'돼지짜글이',8000,'돼지짜글이 2인1.jpg','주 메뉴'),(123,23,'고추잡채',25000,'고추잡채.jpg','주 메뉴'),(124,23,'군만두',4000,'군만두1.jpg','사이드 메뉴'),(125,24,'소유라멘',8000,'소유라멘.jpg','주 메뉴'),(126,26,'불고기덮밥',8500,'불고기 세트1.jpg','주 메뉴'),(127,26,'매콤돼지불고기',7800,'매콤돼지불고기.jpg','주 메뉴'),(128,24,'규동(소고기)',9000,'규동.jpg','주 메뉴'),(129,26,'콜라500ml',1500,'콜라7.jpg','음료/주류'),(130,26,'사이다500ml',1500,'사이다9.jpg','음료/주류'),(131,24,'타꼬야끼6P',3500,'타꼬야끼.jpg','사이드 메뉴'),(132,26,'쿨피스',2000,'쿨피스.jpg','음료/주류'),(133,24,'고구마치즈스틱1P',3500,'고구마치즈스틱1P.jpg','사이드 메뉴'),(134,27,'모둠 초밥',12000,'모듬초밥(12pc).jpg','주 메뉴'),(135,28,'안동찜닭 세트 ',5000,'안동1.png','세트 메뉴'),(136,27,'연어초밥 12pc',12000,'연어초밥(12pc).jpg','주 메뉴'),(137,28,'튀긴 찜닭',15000,'치킨12.jpeg','주 메뉴'),(138,29,'순살치킨2마리 + 콜라 500ml',20900,'순살치킨2마리랑콜라.jpg','세트 메뉴'),(139,28,'치즈볼',5000,'치즈볼4.jpg','사이드 메뉴'),(140,27,'시원한 냉모밀',8000,'시원한 냉모밀.jpg','주 메뉴'),(142,29,'매콤달콤 떡볶이',5000,'매콤달콤떡볶이.jpg','사이드 메뉴'),(143,27,'광어 2pc',3000,'광어2pc.jpg','사이드 메뉴'),(144,28,'사이다 ',5000,'사이다10.jpg','음료/주류'),(145,27,'연어 2pc',3000,'연어2pc.jpg','사이드 메뉴'),(146,27,'장어 2pc',4000,'장어2pc.jpg','사이드 메뉴'),(147,28,'공기밥',500,'공기밥5.jpg','사이드 메뉴'),(148,30,'간짜장',6000,'간짜장1.jpg','주 메뉴'),(149,30,'짜장면',5000,'짜장면3.jpg','주 메뉴'),(150,29,'소스추가(양념소스)',500,'양념소스.jpg','사이드 메뉴'),(151,27,'치킨 가라아게 6pc',6000,'치킨가라아게6pc.jpg','사이드 메뉴'),(152,30,'짬뽕',6500,'짬뽕2.jpg','주 메뉴'),(153,29,'양념추가(칠리소스)',500,'칠리소스.jpg','사이드 메뉴'),(154,30,'유니짜장',6500,'유니짜장.jpg','주 메뉴'),(155,29,'콜라500ml',1500,'콜라500ml.jpg','음료/주류'),(156,27,'콜라',2000,'콜라8.jpg','음료/주류'),(157,27,'사이다',2000,'사이다11.jpg','음료/주류'),(158,30,'고추짬뽕',7000,'고추짬뽕.jpg','주 메뉴'),(159,30,'해물쟁반짜장',8500,'해물쟁반짜장.jpg','주 메뉴'),(160,30,'짬뽕밥',7500,'짬뽕밥.jpg','주 메뉴'),(161,30,'군만두',5000,'군만두2.jpg','사이드 메뉴'),(162,30,'짬뽕국물',5000,'짬뽕국물.jpg','사이드 메뉴'),(163,30,'콜라500ml',1500,'콜라9.jpg','음료/주류'),(164,30,'사이다500ml',1500,'사이다12.jpg','음료/주류'),(166,31,'엽기떡볶이',9000,'엽기떡볶이5.jpg','주 메뉴'),(167,32,'치즈돈까스 2人',20000,'리얼치즈돈카츠.jpg','세트 메뉴'),(168,32,'치즈돈까스',10000,'리얼치즈돈카츠1.jpg','주 메뉴'),(169,31,'우동사리(추가)',2000,'우동사리.jpg','사이드 메뉴'),(170,32,'등심돈까스',8000,'등심돈까스.jpg','주 메뉴'),(171,32,'안심돈까스',8000,'안심돈까스.jpg','주 메뉴'),(172,31,'중국당면(추가)',2500,'중국당면.jpg','사이드 메뉴'),(173,32,'왕돈까스',10000,'왕돈까스.jpg','주 메뉴'),(174,32,'김치볶음밥',7000,'김치볶음밥.jpg','주 메뉴'),(175,32,'김치우동',8000,'김치우동.jpg','주 메뉴'),(176,33,'간장게장 1kg + 양념게장 1kg',48000,'간장게장 + 양념게장.png','세트 메뉴'),(177,32,'치즈스틱',3000,'치즈스틱1.jpg','사이드 메뉴'),(178,33,'간장게장 1kg',25000,'설아네 간장게장.jpg','주 메뉴'),(179,32,'해시브라운',3000,'해시브라운.jpg','사이드 메뉴'),(180,33,'양념게장 1kg',25000,'설아네 양념게장.jpg','주 메뉴'),(181,32,'콜라500ml',1000,'콜라10.jpg','음료/주류'),(182,32,'사이다500ml',1000,'사이다13.jpg','음료/주류'),(184,33,'간장새우 10미',25000,'설아네 간장새우장.jpg','주 메뉴'),(185,34,'충무김밥',6000,'요요충무깁밥1.jpg','세트 메뉴'),(186,34,'순두부찌개',7000,'순두부찌개.jpg','주 메뉴'),(187,34,'두루치기정식',9000,'두루치기정식.jpg','주 메뉴'),(188,34,'김치볶음밥',7000,'김치볶음밥1.jpg','주 메뉴'),(189,35,'족발',39000,'족발.jpg','주 메뉴'),(190,34,'공기밥',1000,'공기밥6.jpg','사이드 메뉴'),(191,35,'보쌈',39000,'보쌈.jpg','주 메뉴'),(192,35,'냉채족발',42000,'냉채족발.jpg','주 메뉴'),(193,35,'콜라500ml',1500,'콜라11.jpg','음료/주류'),(194,34,'콜라 1.5L',3000,'콜라1리터.jpg','음료/주류'),(195,35,'사이다500ml',1500,'사이다14.jpg','음료/주류'),(196,35,'쿨피스',2000,'쿨피스1.jpg','음료/주류'),(197,34,'사이다 355ml',1500,'사이다15.jpg','음료/주류'),(198,36,'수육한상차림',30000,'수육한상세트.jpg','세트 메뉴'),(199,37,'고구마롱치즈스틱',1500,'고구마롱치즈스틱.jpg','사이드 메뉴'),(200,36,'돼지국밥',8000,'돼지국밥.jpg','주 메뉴'),(201,37,'군만두',5000,'군만두3.jpg','사이드 메뉴'),(202,36,'순대국밥',8000,'순대국밥.jpg','주 메뉴'),(203,37,'떡볶이',5000,'떡볶이.jpg','사이드 메뉴'),(204,36,'추가 공기밥',1000,'추가공기밥.jpg','사이드 메뉴'),(205,36,'콜라',2000,'콜라12.jpg','음료/주류'),(206,36,'환타 파인',2000,'환타4.jpg','음료/주류'),(207,36,'사이다',2000,'사이다16.jpg','음료/주류'),(208,37,'야채튀김',6000,'야채튀김.jpg','사이드 메뉴'),(209,37,'옛날돈까스',7000,'옛날돈까쓰.jpg','주 메뉴'),(210,37,'잔치우동',6000,'잔치우동.jpg','주 메뉴'),(211,37,'짬뽕밥',8000,'짬뽕밥1.jpg','주 메뉴'),(212,38,'삼겹살김치볶음밥 & 돈까스',10000,'삼겹살세트.jpg','세트 메뉴'),(213,37,'차돌박이짬뽕',9000,'차돌박이짬뽕2.jpg','주 메뉴'),(214,39,'참치 ',15000,'참치11.PNG','주 메뉴'),(215,38,'치즈돈까스',9000,'치즈돈까스.jpg','주 메뉴'),(216,37,'치즈떡볶이',6000,'치즈떡볶이.jpg','사이드 메뉴'),(217,39,'뱃살부위',5000,'참치12.PNG','주 메뉴'),(218,37,'치즈핫도그',3000,'치즈핫도그.jpg','사이드 메뉴'),(219,38,'냉모밀',6500,'냉모밀1.jpg','주 메뉴'),(220,37,'페페로니치킨까스',9000,'페페로니치킨까스.jpg','주 메뉴'),(221,37,'혜화동짬뽕',7500,'혜화동짬뽕.jpg','주 메뉴'),(222,38,'연탄불고기',4000,'연탄불고기.jpg','사이드 메뉴'),(223,40,'아구찜',25000,'아구찜.jpg','주 메뉴'),(224,38,'유부초밥 4P',4000,'유부초밥4P.jpg','사이드 메뉴'),(225,39,'참다랑어',15000,'참치13.PNG','주 메뉴'),(226,40,'대구뽈찜',25000,'대구뽈찜.jpg','주 메뉴'),(227,40,'해물찜',35000,'해물찜.jpg','주 메뉴'),(228,39,'김말이',1500,'김말이.PNG','사이드 메뉴'),(229,40,'해물아구찜',35000,'해물아구찜.jpg','주 메뉴'),(230,40,'공기밥',1000,'공기밥7.jpg','사이드 메뉴'),(231,39,'콜라 ',500,'콜라.PNG','음료/주류'),(232,40,'감자사리',2000,'감자사리.jpg','사이드 메뉴'),(233,43,'농어',5000,'농어1.PNG','주 메뉴'),(234,43,'도다리',1500,'도다리.PNG','주 메뉴'),(235,43,'광어 ',15000,'거래처3.PNG','주 메뉴'),(236,43,'매운탕',15000,'생우럭탕.PNG','주 메뉴'),(237,43,'콜라',1500,'콜라1.PNG','음료/주류'),(238,44,'매운탕',15000,'매운탕.PNG','주 메뉴'),(239,44,'생우럭탕',7800,'생우럭탕2.PNG','주 메뉴'),(240,45,'등심돈까스',7500,'등심돈까스1.jpg','세트 메뉴'),(241,44,'알탕',4500,'앑아.PNG','주 메뉴'),(242,44,'새우튀김',1200,'새우.PNG','사이드 메뉴'),(243,44,'콜라',1200,'콜라2.PNG','음료/주류'),(244,45,'왕돈까스',9500,'왕돈까스1.jpg','주 메뉴'),(245,46,'간짜장',8000,'간짜장2.jpg','주 메뉴'),(246,45,'옛날돈까스',7000,'옛날돈까스.jpg','주 메뉴'),(247,46,'군만두',5000,'군만두4.jpg','사이드 메뉴'),(248,46,'라조육',20000,'라조육.jpg','주 메뉴'),(249,46,'마파두부밥',8000,'마파두부밥.jpg','주 메뉴'),(250,47,'생연어 세트 ',15000,'생언어1.PNG','세트 메뉴'),(251,46,'삼선짜장',8000,'삼선짜장.jpg','주 메뉴'),(252,46,'삼선짬뽕',9000,'삼선짬뽕1.jpg','주 메뉴'),(253,47,'참치',15000,'참치.PNG','주 메뉴'),(254,46,'짜장면',6000,'짜장면4.jpg','주 메뉴'),(255,47,'멍게 세트 ',20000,'멍게.PNG','주 메뉴'),(256,46,'짜장밥',6000,'짜장밥.jpg','주 메뉴'),(258,46,'짬뽕',7000,'짬뽕3.jpg','주 메뉴'),(259,48,'김치삼겹구이 4인 세트',39000,'김치구이삽겹 4인.jpg','세트 메뉴'),(260,46,'짬뽕밥',7000,'짬뽕밥2.jpg','주 메뉴'),(261,46,'탕수육',19000,'탕수육1.jpg','주 메뉴'),(262,47,'콜라 ',1500,'콜라6.PNG','음료/주류'),(263,48,'삼겹구이 1인',13000,'구이삼겹 1인.jpg','주 메뉴'),(264,48,'삼겹구이 2인',25000,'구이삼겹 2인.jpg','주 메뉴'),(265,46,'탕수육+짜장2',31000,'탕수육+짜장+짜장.jpg','세트 메뉴'),(266,48,'간장삼겹구이 1인',14000,'간장구이삼겹1인.jpg','주 메뉴'),(267,46,'탕수육+짬뽕1',25000,'탕수육+짬뽕.jpg','세트 메뉴'),(268,46,'콜라500ml',1500,'콜라13.jpg','음료/주류'),(269,48,'간장삼겹구이 2인',27000,'간장구이삼겹2인.jpg','주 메뉴'),(270,46,'사이다500ml',1500,'사이다17.jpg','음료/주류'),(271,48,'참치마요밥',4000,'참치마요밥.jpg','사이드 메뉴'),(272,49,'숯불 갈비 도시락',15000,'캡1처1.PNG','세트 메뉴'),(273,48,'깍두기볶음밥',4000,'깍두기볶음밥.jpg','사이드 메뉴'),(274,49,'치킨 가라오케 ',15000,'캡처.PNG','세트 메뉴'),(275,49,'김치 볶음밥 갈비 세트 ',15000,'캡1처2.PNG','세트 메뉴'),(277,49,'새우 튀김',2000,'새우1.PNG','주 메뉴'),(278,49,'만두 ',1500,'맨두.PNG','사이드 메뉴'),(279,50,'복어탕',15000,'국밥1.jpg','주 메뉴'),(280,50,'얼큰 동태해장국',15000,'알탕.PNG','주 메뉴'),(281,50,'명태탕',4500,'생우럭탕3.PNG','주 메뉴'),(282,50,'콜라',1200,'콜라7.PNG','사이드 메뉴'),(283,52,'떡볶이+순대+튀김',11500,'떡볶이+순대+튀김.jpg','세트 메뉴'),(284,53,'간짜장',5500,'간짜짱.jpg','주 메뉴'),(285,53,'광동식탕수육',20000,'광동식탕수육.jpg','주 메뉴'),(286,52,'에그스팸롤',8000,'에그스팸롤.jpg','주 메뉴'),(287,53,'군만두',5000,'군만두5.jpg','사이드 메뉴'),(288,53,'볶음짬뽕',7000,'볶음짱뽕.jpg','주 메뉴'),(289,51,'광어연어',20000,'광어연어.jpg','주 메뉴'),(290,53,'새우볶음밥',6000,'새우볶음밥4.jpg','주 메뉴'),(291,53,'쟁반짜장',6000,'쟁반짜장.jpg','주 메뉴'),(292,52,'스쿨 떡볶이',6000,'스쿨떡볶이.jpg','주 메뉴'),(293,51,'연어덮밥 + 미니새우튀김우동',11000,'연어덮밥.jpg','세트 메뉴'),(294,53,'짜장면',5000,'짜장면5.jpg','주 메뉴'),(295,52,'김치말이국수',7500,'김치말이국수.jpg','주 메뉴'),(296,53,'짬뽕',6000,'짬뽕4.jpg','주 메뉴'),(297,52,'꼬치어묵우동',7500,'꼬치오뎅우동.jpg','주 메뉴'),(298,53,'칠리새우',23000,'칠리새우.jpg','주 메뉴'),(299,51,'연어뱃살 2pc',4500,'연어뱃살2pc.jpg','사이드 메뉴'),(300,53,'탕수육',19000,'탕수육2.jpg','주 메뉴'),(301,52,'장조림버터볶음밥',8000,'장조림버터볶음밥.jpg','주 메뉴'),(302,52,'요로케 고로케',4000,'요로케고로케4pc.jpg','사이드 메뉴'),(303,51,'간장새우 4pc',5500,'간장새우4pc.jpg','세트 메뉴'),(304,52,'순대',5000,'순대.jpg','사이드 메뉴'),(305,52,'고구마 치즈스틱',4000,'고구마치즈스틱4pc.jpg','사이드 메뉴'),(306,53,'사이다500ml',1500,'사이다18.jpg','음료/주류'),(307,53,'콜라500ml',1500,'콜라14.jpg','음료/주류'),(308,51,'유부초밥',4500,'유부초밥.jpg','사이드 메뉴'),(309,54,'스케이키동',11900,'스테이키동.jpg','주 메뉴'),(310,54,'사케동',11900,'사케동.jpg','주 메뉴'),(311,55,'고추짜장',6000,'고추짜장.jpg','주 메뉴'),(312,54,'왕새우튀김2pc',5000,'왕새우튀김4pc.jpg','사이드 메뉴'),(313,55,'고추짬뽕',6500,'고추짬뽕1.jpg','주 메뉴'),(314,55,'군만두',4000,'군만두6.jpg','사이드 메뉴'),(315,55,'짜장면',5000,'짜장면6.jpg','주 메뉴'),(316,55,'짬뽕',5500,'짬뽕5.jpg','주 메뉴'),(317,55,'짜장면+탕수육',15000,'짜장면+탕수육.jpg','세트 메뉴'),(318,54,'고로케2pcs',3500,'고로케2pcs.jpg','사이드 메뉴'),(319,55,'짜장밥',5000,'짜짱빱.jpg','주 메뉴'),(320,55,'짬뽕+탕수육',15500,'짬뽕+탕수육.jpg','세트 메뉴'),(321,55,'짬뽕밥',5500,'짬뽕빱.jpg','주 메뉴'),(322,54,'코카콜라 뚱캔 355ml',2000,'코카콜라뚱캔.jpg','음료/주류'),(323,56,'두루치기 2人 세트',24000,'두루치기2인세트.jpg','세트 메뉴'),(325,55,'탕수육',10000,'탕수육3.jpg','주 메뉴'),(326,55,'해물육교자',5000,'해물육교자.jpg','사이드 메뉴'),(327,56,'김치찌개 1人 세트',11000,'김치찌개1인세트.jpg','세트 메뉴'),(328,55,'사이다500ml',1000,'사이다19.jpg','음료/주류'),(329,55,'콜라500ml',1000,'콜라15.jpg','음료/주류'),(330,56,'이베리코 목살 스테이크',24000,'이베리코목살스테이크.jpg','주 메뉴'),(331,55,'쿨피스',1500,'쿨피스2.jpg','음료/주류'),(332,56,'부추전',10000,'부추전.jpg','주 메뉴'),(333,56,'막국수',6500,'막국수.jpg','주 메뉴'),(334,56,'비빔막국수',7000,'비빔막국수.jpg','주 메뉴'),(335,58,'카와루 돈코츠라멘',8000,'카와루돈코츠라멘.jpg','주 메뉴'),(336,58,'김말이 튀김 8EA',4000,'김말이튀김8ea.jpg','세트 메뉴'),(337,59,'간짜장',5500,'간짜짱1.jpg','주 메뉴'),(338,59,'짜장면',5000,'짜장면7.jpg','주 메뉴'),(339,58,'카와루치킨가라아게',7900,'카와루치킨가라아게.jpg','사이드 메뉴'),(340,59,'짬뽕',6000,'짬뽕6.jpg','주 메뉴'),(341,59,'탕수육',15000,'탕수육4.jpg','주 메뉴'),(342,59,'탕수육+짜장2',25000,'탕수육+자장2.jpg','세트 메뉴'),(343,60,'JMT마라탕',9500,'JMT마라탕.jpg','주 메뉴'),(344,59,'해물쟁반짜장',8000,'해물쟁반짜장1.jpg','주 메뉴'),(345,60,'마약마라샹궈',15000,'마약마라샹궈.jpg','주 메뉴'),(346,60,'콜라',2000,'콜라16.jpg','음료/주류'),(347,60,'사이다',2000,'사이다20.jpg','음료/주류'),(348,59,'황궁탕수육+황궁짜장',28000,NULL,'세트 메뉴'),(349,60,'빙홍차(중국음료)',3000,'빙홍차(중국음료).jpg','음료/주류'),(350,59,'황궁탕수육',16000,'황궁탕수육.jpg','주 메뉴'),(351,59,'사이다500ml',1000,'사이다21.jpg','음료/주류'),(352,59,'콜라500ml',1000,'콜라17.jpg','음료/주류'),(353,61,' 딱새우회＋머리튀김（2인）22pc＋딱새우머리육수장국',28000,'싹새우회.jpg','세트 메뉴'),(354,61,'노르웨이 산지직송 연어 사시미',18000,'연어사시미.jpg','주 메뉴'),(355,61,'와규스테이크초밥12pc',18000,'와규스테이크초밥.jpg','주 메뉴'),(356,62,'건두부볶음',12000,'건두부볶음.jpg','주 메뉴'),(357,62,'꽃빵',4000,'꽃빵.jpg','사이드 메뉴'),(358,63,'낙지짬뽕',9000,'낙지짬뽕.jpg','주 메뉴'),(359,62,'마라샹궈',25000,'마라샹궈.jpg','주 메뉴'),(360,63,'소고기짬뽕',8000,'소고기짬뽕.jpg','주 메뉴'),(361,62,'마라탕',10000,'마라탕2.jpg','주 메뉴'),(362,63,'새우볶음밥',7000,'새우볶음밥5.jpg','주 메뉴'),(363,62,'막창볶음',12000,'막창볶음.jpg','주 메뉴'),(364,63,'안심탕수육',15000,'안심탕수육.jpg','주 메뉴'),(365,62,'볶음밥',7000,'볶음밥1.jpg','주 메뉴'),(366,63,'유린기',15000,'유린기.jpg','주 메뉴'),(367,62,'지삼선',14000,'지삼선.jpg','주 메뉴'),(368,62,'홍소갈비',16000,'홍소갈비.jpg','주 메뉴'),(369,62,'사이다500ml',1000,'사이다22.jpg','음료/주류'),(370,62,'콜라500ml',1000,'콜라18.jpg','음료/주류'),(371,63,'꿔바로우',15000,'꿔바로우1.jpg','주 메뉴'),(372,63,'깐풍기',15000,'깐풍기.jpg','주 메뉴'),(373,63,'깐풍새우',18000,'깐풍새우.jpg','주 메뉴'),(374,64,'고르곤졸라피자',15000,'고르곤졸라피자.jpg','주 메뉴'),(375,64,'군만두',5000,'군만두7.jpg','사이드 메뉴'),(376,64,'로제짬뽕',7000,'로제짬뽕1.jpg','주 메뉴'),(377,64,'목살필라프',7000,'목살필라프.jpg','주 메뉴'),(378,64,'새우필라프',7000,'새우필라프.jpg','주 메뉴'),(379,64,'짬뽕',6000,'짬뽕7.jpg','주 메뉴'),(380,64,'크림짬뽕',7000,'크림짱뽕.jpg','주 메뉴'),(381,64,'크림탕수육',15000,'크림탕수육.jpg','주 메뉴'),(382,65,'짬뽕+탕수육 1인',16000,'짬뽕+탕수육 1인.jpg','세트 메뉴'),(383,64,'사이다500ml',1000,'사이다23.jpg','음료/주류'),(384,64,'콜라500ml',1000,'콜라19.jpg','음료/주류'),(385,65,'짬뽕밥+탕수육 1인',16000,'짬뽕밥+탕수육 1인.jpg','세트 메뉴'),(386,66,'김치우동',6000,'김치우동1.jpg','주 메뉴'),(387,65,'짬뽕',7000,'짬뽕8.jpg','주 메뉴'),(388,65,'짬뽕밥',7000,'짬뽕밥3.jpg','주 메뉴'),(389,65,'유니짜짱',5000,'유니짜짱.jpg','주 메뉴'),(395,65,'유니짜장밥',5500,'유니짜짱밥.jpg','주 메뉴'),(396,65,'중화비빔밥',8000,'중화비빔밥1.jpg','주 메뉴'),(397,65,'탕수만두 6P',5000,'탕수만두6.jpg','사이드 메뉴'),(398,65,'수제고기군만두 6P',4000,'수제고기군만두6.jpg','사이드 메뉴'),(399,66,'가라아게 튀김',5000,'가라아게튀김.jpg','사이드 메뉴'),(400,66,'냉모밀',7000,'냉모밀2.jpg','사이드 메뉴'),(401,4,'양념통닭',12000,'닭도리1.png','주 메뉴'),(402,68,'탕수육 ',22900,'탕수육22900.JPG','주 메뉴'),(403,68,'떡볶이',3500,'떡볶이 3500.JPG','사이드 메뉴'),(404,68,'모듬튀김',3500,'모듬튀김7500.JPG','사이드 메뉴'),(405,69,'고추짜장',7000,'고추짜짱.jpg','주 메뉴'),(406,70,'도우도우스시 세트 1（광어2＋연어2＋민어1＋참치1＋소고기1＋한치1＋간장새우1＋생새우1）',16000,'도우도우스시세트.jpg','세트 메뉴'),(407,69,'군만두',5000,'군만두8.jpg','사이드 메뉴'),(409,69,'깐풍기',25000,'깐풍기1.jpg','주 메뉴'),(410,69,'백짬뽕',7500,'백짬뽕.jpg','주 메뉴'),(411,70,'돈까스',7500,'돈까스.jpg','사이드 메뉴'),(412,69,'양장피',34000,'양장피.jpg','주 메뉴'),(414,69,'우동',5000,'우동.jpg','주 메뉴'),(416,69,'짜장면',4500,'짜장면8.jpg','주 메뉴'),(417,70,'활어B 세트',22000,'활어B세트.jpg','주 메뉴'),(419,69,'짬뽕',6000,'짬뽕9.jpg','주 메뉴'),(421,69,'차돌박이짬뽕',7000,'차돌박이짬뽕3.jpg','주 메뉴'),(422,69,'탕수육',18000,'탕수육5.jpg','주 메뉴'),(423,69,'탕수육+짜장2',26000,'탕수육+자장21.jpg','세트 메뉴'),(424,71,'짜장면',6000,'간짜장6000.JPG','주 메뉴'),(427,71,'탐짜군',18000,'탐짜군180001.JPG','세트 메뉴'),(428,71,'물만두',5000,'물만두50002.JPG','사이드 메뉴'),(429,72,'모듬초밥 10ps',18000,'모듬초밥10ps.jpg','주 메뉴'),(430,72,'생연어초밥 10ps',18000,'생연어초밥10p.jpg','주 메뉴'),(431,72,'대광어초밥10p',18000,'대광어초밥10p.jpg','주 메뉴'),(432,73,'향라새우',22000,'향라새우26000.JPG','주 메뉴'),(433,74,'군만두',4000,'군만두9.jpg','사이드 메뉴'),(435,73,'공기밥',1000,'공기밥1000.JPG','사이드 메뉴'),(436,74,'깐풍육',15000,'깐풍육.jpg','주 메뉴'),(438,74,'마파두부밥',7000,'마파두부밥1.jpg','주 메뉴'),(439,73,'콜라',2000,'음료200.JPG','음료/주류'),(441,74,'백짬뽕',7000,'백짬뽕1.jpg','주 메뉴'),(443,74,'소고기간짜장',7000,'소고기 간짜장.jpg','주 메뉴'),(444,74,'짜장면',4000,'짜장면9.jpg','주 메뉴'),(446,74,'짜장밥',4000,'짜장밥1.jpg','주 메뉴'),(448,74,'짬뽕',5000,'짬뽕10.jpg','주 메뉴'),(449,74,'짬뽕밥',5000,'짬뽕밥4.jpg','주 메뉴'),(450,77,'짬뽕 탕수육 세트',16500,'짬탕 16500.JPG','세트 메뉴'),(451,74,'차돌짬뽕',6000,'차돌짬뽕.jpg','주 메뉴'),(452,74,'탕수육',13000,'탕수육6.jpg','주 메뉴'),(453,77,'짬뽕',6000,'짬 6000.JPG','주 메뉴'),(454,74,'해물XO볶음밥',5000,'해물XO볶음밥.jpg','주 메뉴'),(455,77,'교자',6000,'교자5500.JPG','사이드 메뉴'),(456,74,'사이다500ml',1500,'사이다24.jpg','음료/주류'),(457,77,'콜라',2000,'음료2001.JPG','음료/주류'),(458,74,'콜라500ml',1500,'콜라20.jpg','음료/주류'),(459,78,'모듬초밥',22000,'모듬초밥.JPG','세트 메뉴'),(461,78,'연어초밥12pcs',12000,'연어모둠12000.JPG','주 메뉴'),(463,78,'우동',6500,'우동 6500.JPG','사이드 메뉴'),(464,78,'돈까스',5900,'돈까스 5900.JPG','사이드 메뉴'),(470,80,'캘리포니아드림롤',16000,'캘리포니아드림5500.JPG','주 메뉴'),(471,80,'생선까스',8500,'생선까스8500.JPG','주 메뉴'),(472,80,'치킨',9500,'치킨9500.JPG','사이드 메뉴'),(473,80,'메밀소바',9500,'메밀소바5500.JPG','사이드 메뉴'),(474,80,'콜라',1500,'콜라5.JPG','음료/주류'),(475,81,'로스가스',7500,'로스가스7500.JPG','주 메뉴'),(476,81,'모밀소바',6500,'모밀소바6500.JPG','사이드 메뉴'),(477,81,'사이다',2000,'사이다1500.JPG','음료/주류'),(478,81,'생선까스',5000,'생선까스85001.JPG','주 메뉴'),(479,83,'모듬회',25000,'모듬회25000.JPG','주 메뉴'),(480,83,'우럭',25000,'우럭25000.JPG','주 메뉴'),(482,83,'해산물모듬',25000,'해산물모듬25000.JPG','사이드 메뉴');
/*!40000 ALTER TABLE `menu` ENABLE KEYS */;
UNLOCK TABLES;

--
-- Table structure for table `orderList`
--

DROP TABLE IF EXISTS `orderList`;
/*!40101 SET @saved_cs_client     = @@character_set_client */;
/*!50503 SET character_set_client = utf8mb4 */;
CREATE TABLE `orderList` (
  `orderNo` int(10) NOT NULL AUTO_INCREMENT,
  `customerNo` int(10) DEFAULT NULL,
  `storeNo` int(10) NOT NULL,
  `roadAddress` varchar(45) NOT NULL,
  `detailAddress` varchar(45) NOT NULL,
  `phone` varchar(20) NOT NULL,
  `payment` varchar(20) NOT NULL DEFAULT 'F',
  `request` varchar(200) NOT NULL DEFAULT '요청사항 없음',
  `orderTime` timestamp NULL DEFAULT CURRENT_TIMESTAMP,
  `orderCheck` varchar(10) NOT NULL DEFAULT 'F',
  `prepareTime` varchar(10) DEFAULT NULL,
  `deliveryCheck` varchar(10) NOT NULL DEFAULT 'F',
  `couponNo` varchar(30) DEFAULT NULL,
  PRIMARY KEY (`orderNo`),
  KEY `fk_customerNo_idx` (`customerNo`),
  KEY `fk_orderList_storeNo_idx` (`storeNo`),
  CONSTRAINT `fk_orderList_customerNo` FOREIGN KEY (`customerNo`) REFERENCES `customer` (`customerNo`) ON DELETE CASCADE ON UPDATE NO ACTION,
  CONSTRAINT `fk_orderList_storeNo` FOREIGN KEY (`storeNo`) REFERENCES `store` (`storeNo`) ON DELETE NO ACTION ON UPDATE NO ACTION
) ENGINE=InnoDB AUTO_INCREMENT=7 DEFAULT CHARSET=utf8;
/*!40101 SET character_set_client = @saved_cs_client */;

--
-- Dumping data for table `orderList`
--

LOCK TABLES `orderList` WRITE;
/*!40000 ALTER TABLE `orderList` DISABLE KEYS */;
INSERT INTO `orderList` VALUES (1,3,16,'부산 부산진구 동천로 109','아이티윌','01012341234','950','없음','2020-09-14 03:54:37','T','20','T','2'),(2,2,7,'부산 부산진구 동천로 109 ','아이티윌','01028018810','1000','식지 않게 82 배달해주세요','2020-09-14 05:24:05','T','20','T','-1'),(3,2,7,'부산 부산진구 동천로 109 ','아이티윌','01028018810','1000','없음','2020-09-14 06:01:15','T','50','T','-1'),(4,2,47,'부산 부산진구 동천로 109 ','아이티윌','01028018810','1350','없음','2020-09-14 06:22:37','F',NULL,'F','1'),(5,1,16,'부산 부산진구 동천로 109','7층','01044173371','1000','없음','2020-09-14 07:55:00','T','20','T','-1'),(6,1,16,'부산 부산진구 동천로 109','7층','01044173371','1000','없음','2020-09-14 08:19:35','T','50','F','-1');
/*!40000 ALTER TABLE `orderList` ENABLE KEYS */;
UNLOCK TABLES;

--
-- Table structure for table `orderMenu`
--

DROP TABLE IF EXISTS `orderMenu`;
/*!40101 SET @saved_cs_client     = @@character_set_client */;
/*!50503 SET character_set_client = utf8mb4 */;
CREATE TABLE `orderMenu` (
  `orderNo` int(10) NOT NULL,
  `name` varchar(50) NOT NULL,
  `basePrice` int(10) DEFAULT NULL,
  `quantity` int(10) NOT NULL,
  `price` int(10) NOT NULL,
  KEY `fk_orderMenu_orderNo_idx` (`orderNo`),
  CONSTRAINT `fk_orderMenu_orderNo` FOREIGN KEY (`orderNo`) REFERENCES `orderList` (`orderNo`) ON DELETE CASCADE ON UPDATE NO ACTION
) ENGINE=InnoDB DEFAULT CHARSET=utf8;
/*!40101 SET character_set_client = @saved_cs_client */;

--
-- Dumping data for table `orderMenu`
--

LOCK TABLES `orderMenu` WRITE;
/*!40000 ALTER TABLE `orderMenu` DISABLE KEYS */;
INSERT INTO `orderMenu` VALUES (1,'아메아메아메아메',1000,1,1000),(2,'공기밥',1000,1,1000),(3,'공기밥',1000,1,1000),(4,'콜라 ',1500,1,1500),(5,'아메아메아메아메',1000,1,1000),(6,'아메아메아메아메',1000,1,1000);
/*!40000 ALTER TABLE `orderMenu` ENABLE KEYS */;
UNLOCK TABLES;

--
-- Table structure for table `review`
--

DROP TABLE IF EXISTS `review`;
/*!40101 SET @saved_cs_client     = @@character_set_client */;
/*!50503 SET character_set_client = utf8mb4 */;
CREATE TABLE `review` (
  `reviewNo` int(10) NOT NULL AUTO_INCREMENT,
  `orderNo` int(10) NOT NULL,
  `customerNo` int(10) NOT NULL,
  `storeNo` int(10) NOT NULL,
  `contents` varchar(1000) NOT NULL,
  `points` int(2) NOT NULL,
  `image` varchar(1000) DEFAULT NULL,
  `date` timestamp NOT NULL DEFAULT CURRENT_TIMESTAMP,
  `comment` varchar(1000) DEFAULT NULL,
  PRIMARY KEY (`reviewNo`),
  KEY `fk_review_customerNo_idx` (`customerNo`),
  KEY `fk_review_storeNo_idx` (`storeNo`),
  CONSTRAINT `fk_review_customerNo` FOREIGN KEY (`customerNo`) REFERENCES `customer` (`customerNo`) ON DELETE CASCADE ON UPDATE NO ACTION,
  CONSTRAINT `fk_review_storeNo` FOREIGN KEY (`storeNo`) REFERENCES `store` (`storeNo`) ON DELETE CASCADE ON UPDATE NO ACTION
) ENGINE=InnoDB AUTO_INCREMENT=5 DEFAULT CHARSET=utf8;
/*!40101 SET character_set_client = @saved_cs_client */;

--
-- Dumping data for table `review`
--

LOCK TABLES `review` WRITE;
/*!40000 ALTER TABLE `review` DISABLE KEYS */;
INSERT INTO `review` VALUES (1,1,3,16,'전 아아 매일 먹는데 역시 미미카페는 다르네요 ^^; ',5,NULL,'2020-09-14 03:56:56','감사\r합니다 많이 이용해주세요'),(2,3,2,7,'다 식어서 왔음 별 1개도 아까움\r\n',1,NULL,'2020-09-14 06:03:57','아니 고객님 너무 하신거 아닙니까 겨우 밥한공기 주문해놓고 생색 오지네요 \n원래 주문 이런식으로 하시면 안되는데 저희가 그냥해드렸던거에요\n'),(3,2,2,7,'와 이번에는 별 한개다 진짜 고객 무시하나  ㅡㅡ\r\n\r\n',0,NULL,'2020-09-14 06:04:57',NULL),(4,5,1,16,'시원한 커피 감사히 잘 마셨습니다!!',3,NULL,'2020-09-14 08:28:39',NULL);
/*!40000 ALTER TABLE `review` ENABLE KEYS */;
UNLOCK TABLES;

--
-- Table structure for table `roulette`
--

DROP TABLE IF EXISTS `roulette`;
/*!40101 SET @saved_cs_client     = @@character_set_client */;
/*!50503 SET character_set_client = utf8mb4 */;
CREATE TABLE `roulette` (
  `customerNo` int(10) NOT NULL,
  `date` timestamp NULL DEFAULT NULL,
  `used` varchar(10) DEFAULT 'F',
  KEY `fk_roulette_customerNo_idx` (`customerNo`),
  CONSTRAINT `fk_roulette_customerNo` FOREIGN KEY (`customerNo`) REFERENCES `customer` (`customerNo`) ON DELETE CASCADE ON UPDATE NO ACTION
) ENGINE=InnoDB DEFAULT CHARSET=utf8 COMMENT='룰렛 이벤트 중일때 사용 하는 테이블\n회원이 1일에 1개 사용가능 (1개 초과 누적 불가능 / 0개일때 접속시 지급)';
/*!40101 SET character_set_client = @saved_cs_client */;

--
-- Dumping data for table `roulette`
--

LOCK TABLES `roulette` WRITE;
/*!40000 ALTER TABLE `roulette` DISABLE KEYS */;
INSERT INTO `roulette` VALUES (1,'2020-09-13 15:00:00','T'),(2,'2020-09-13 15:00:00','T'),(3,'2020-09-13 15:00:00','T'),(6,'2020-09-13 15:00:00','F'),(8,'2020-09-13 15:00:00','T');
/*!40000 ALTER TABLE `roulette` ENABLE KEYS */;
UNLOCK TABLES;

--
-- Table structure for table `store`
--

DROP TABLE IF EXISTS `store`;
/*!40101 SET @saved_cs_client     = @@character_set_client */;
/*!50503 SET character_set_client = utf8mb4 */;
CREATE TABLE `store` (
  `storeNo` int(10) NOT NULL AUTO_INCREMENT,
  `ceoNo` int(10) DEFAULT NULL,
  `name` varchar(50) NOT NULL,
  `roadAddress` varchar(100) NOT NULL,
  `detailAddress` varchar(100) NOT NULL,
  `category` varchar(50) NOT NULL,
  `phone` varchar(20) NOT NULL,
  `storeHours` varchar(100) NOT NULL,
  `message` varchar(1000) DEFAULT NULL,
  `image` varchar(200) DEFAULT 'store_basic_img.jpg',
  `points` int(10) DEFAULT '0',
  `orderCount` int(10) DEFAULT '0',
  `deliveryArea` varchar(300) DEFAULT NULL,
  `regNo` varchar(50) NOT NULL,
  `sido` varchar(45) NOT NULL,
  `reviewCount` int(10) DEFAULT '0',
  PRIMARY KEY (`storeNo`),
  KEY `ceoNo_idx` (`ceoNo`),
  CONSTRAINT `fk_store_ceoNo` FOREIGN KEY (`ceoNo`) REFERENCES `ceo` (`ceoNo`) ON DELETE CASCADE ON UPDATE NO ACTION
) ENGINE=InnoDB AUTO_INCREMENT=84 DEFAULT CHARSET=utf8;
/*!40101 SET character_set_client = @saved_cs_client */;

--
-- Dumping data for table `store`
--

LOCK TABLES `store` WRITE;
/*!40000 ALTER TABLE `store` DISABLE KEYS */;
INSERT INTO `store` VALUES (1,2,'안동찜닭','부산 동래구 충렬대로 197','1층 안동찜닭','한식','0515053333','09시~22시','안동찜닭 입니다.\r\n가족이 먹는다 생각하고 정직하게 요리합니다~','안동찜닭.jpg',0,0,'명륜동/수안동/사직동/온천동','1234567890','부산',0),(3,2,'김밥마을','부산 동래구 충렬대로 197','2층 김밥마을','한식','0511111','00시~00시','10년째 영업중인 김밥마을입니다.\r\n이 동네의 맛집! 많이 사랑해주세요','김밥마을.jpg',0,0,'명륜동/수안동/사직동/온천동','1234567890','부산',0),(4,3,'미미통닭 ','부산 부산진구 동천로 109','7층','한식','051757897','10시~22시','안녕하세요 미미 통닭입니다~ \r\n11분만에 튀겨 배달 해드려요^^','치킨.jpg',0,0,'/부전동/전포동','0000000100','부산',0),(5,1,'집밥e선생','부산 부산진구 동천로 109','7층','한식','0511234123','10시~03시','반갑습니다 짜글이 맛집 집밥e선생 서면직영점 입니다.\r\n코로나 재확산으로 음식을 비대면 전달을 하게 되었습니다. 양해 부탁드리며 전문병원과 대학병원은 대행회사에서 배달을 가지 못하여 자체 배달을 합니다 번거로우시겠지만 1층까지 내려오셔서 픽업 해주시면 감사드리겠습니다','진집밥e선생 가게사진.jpg',0,0,'부전동/전포동','1234123412','부산',0),(6,4,'돈츠수제돈카츠맛집','부산 동래구 충렬대로 197','돈츠수제돈카츠','일식','0516897588','09시~03시','돈카츠의 인싸가 되겠습니다 ','20200914_095048.jpg',0,0,'명륜동/수안동','6024900557','부산',0),(7,3,'미미 횟집','부산 부산진구 동천로 109','7층','일식','0517589999','09시~22시','이랴샤이마세~~~ 초밥 개존맛탱 ~~~ ','초밥.jpg',1,2,'부전동/전포동','4567891230','부산',2),(8,2,'엄청 맛있는 탕수육','부산 동래구 충렬대로 197','3층 엄맛탕','중식','0511239876','09시~21시','동래에서 제일 맛있는 엄청 맛있는 탕수육 입니다.\r\n단골 환영합니다~','엄청맛있는탕수육.jpg',0,0,'명륜동/온천동/사직동/수안동','1234567890','부산',0),(9,1,'맛도락','부산 부산진구 동천로 109','7층','한식','0513233331','10시~06시','안녕하세요 맛도락 입니다.\r\n어머니가 해주시는 손맛 그대로 맛과 정성을 다해 따뜻함을 전해드리겠습니다\r\n맛있게 드시고 좋은 하루 되세요^^','가게사진.jpg',0,0,'부전동/전포동','1234123413','부산',0),(10,3,'미미자금성','부산 부산진구 동천로 109','7층 ','중식','051123456','06시~23시','사장님의 한말씀! \r\n저흰 방역 철저 주방에서 요리되어 보내드립니다 \r\n안심하고 드셔요','자금성.png',0,0,'부전동/전포동','7894561230','부산',0),(11,2,'갈매기짬뽕','부산 동래구 충렬대로 197','4층 갈매기짬뽕','중식','0515059999','08시~20시','부산을 대표하고 동래의 자랑 갈매기 짬뽕입니다.\r\n\r\n뜨끈하고 매콤한 짬뽕 찾아주세요.','갈매기짬뽕.jpg',0,0,'명륜동/수안동/온천동/사직동','1234567890','부산',0),(12,4,'우리육사시미 & 육회','부산 동래구 충렬대로 197','1층','일식','050712954753','00시~23시','우리 육사시미 & 육회 입니다','육사시미육회.jpg',0,0,'명륜동/수안동','4022267266','부산',0),(13,2,'더 시카고짬뽕','부산 동래구 충렬대로 197','1층 더 시카고 짬뽕','중식','0515033333','08시~22시','퓨전음식점 더 시카고짬뽕입니다.\r\n배달시작했으니 많이 찾아주십쇼~','더시카고짬뽕.jpg',0,0,'명륜동/사직동/온천동/수안동','1234567890','부산',0),(14,1,'제주흑돼지돈까스&도쿄라멘','부산 부산진구 동천로 109','7층','일식','0513233312','09시~23시','고객님들 :) 받아보시는 실제 음식 사진입니다 ♡\r\n저희 집은 제주산 흑돼지 등심과 안심을 써 두툼하고 부드러운 질 높은 돈가스를 판매하고 있어요 !\r\n드셔보시면 다른 집 돈가스와는 확연한 차이를 느끼실 거에요 :)\r\n도쿄 코츠라멘 또한 집에서 맛보실수있는 일본식 라멘으로 돈까스와 함께 드셔도 맛좋으실거에요\r\n참고로 리뷰작성 해주신다고 미리 메모 해주시면 식혜서비스 드려요 ♡ 많은 이용 부탁드려요 ','가게사진1.jpg',0,0,'부전동/전포동/당감동','1234123414','부산',0),(15,2,'양첸반점','부산 동래구 충렬대로 197','2층 양첸반점','중식','0515022222','00시~00시','중식의 대가 양첸반점입니다.\r\n\r\n리뷰이벤트 진행 중입니다~','양첸반점.jpg',0,0,'명륜동/수안동/사직동/온천동','1234567890','부산',0),(16,3,'미미카페 ','부산 부산진구 동천로 109','9층','일식','05178945612','09시~20시','일..본에서 .. 공수 해.. 왔습닏....다... \r\n원..두...는... 괜...찮..아..여.. 나라가.. 별.. 로..지...','미미디져트.PNG',8,3,'부전동/전포동','7895612300','부산',2),(17,2,'신흥원훠거','부산 동래구 충렬대로 197','1층 신흥원훠거','중식','0515011111','10시~19시','핫한 음식 훠거 입니다~\r\n\r\n맛있게 만들겠습니다~','신흥원훠거.jpg',0,0,'명륜동/수안동/사직동/온천동','1234567890','부산',0),(18,3,'미미안주','부산 부산진구 동천로 109','10층','한식','0517892','10시~04시','저렴하게 안주상 드세요~ \r\n배달은 총알처럼~ \r\n믿먹안(주)','닭.png',0,0,'부전동/전포동','78945612388','부산',0),(20,1,'짬뽕지존','부산 부산진구 동천로 109','7층','중식','0513323312','09시~02시','','짬뽕지존1.jpg',0,0,'부전동/전포동','1234123415','부산',0),(21,3,'미미버거','부산 부산진구 동천로 109','9층','일식','05149453127','09시~20시','핫버거 파는 미미버거 \r\n핫버거란? 스파이시 x5000000000 \r\n매우 매움...','버거.PNG',0,0,'부전동/전포동','7894652100','부산',0),(22,3,'미미 곱창','부산 부산진구 동천로 109','9층','한식','7895544','00시~00시','맛있게 해서 보내드립니다. \r\n즉석에서 바로 드세요~','미미곱창.jpg',0,0,'부전동/전포동','45612378922','부산',0),(23,2,'북경중국관','부산 동래구 충렬대로 197','1층 북경중국관','중식','0515022225','00시~00시','24시간 중식전문점 북경중국관입니다.\r\n신속하고 맛있는 음식 약속 드립니다!','북경중국관.jpg',0,0,'명륜동/수안동/사직동/온천동','1234567890','부산',0),(24,4,'카라돈','부산 동래구 충렬대로 197','1층','일식','0503286','00시~00시','본식 요리전문점 \"카라돈\" 입니다 ❤\r\n(기상악화 및 피크타임에 주문양이 많을시 다소 배달이 지연되는점 깊은 양해 부탁드리며 더욱더 정성껏 조리하여 최대한 빨리 배달해 드릴수있도록 노력하겠습니다)','카라돈1.jpg',0,0,'명륜동/수안동','1092052370','부산',0),(26,1,'밥통령','부산 부산진구 동천로 109','7층','한식','0513313212','15시~05시','저희 밥통령 짜글이는 함께보내드린 무생채와 콩나물을 함께 비벼 김에 싸먹으면 꿀맛이에용\r\n\r\n리뷰이벤트 진행합니다\r\n맛있게 드시고 리뷰 남겨주시는 약속을 해주세요!!\r\n콜라 사이다 식혜 중에 원하시는거 적어주시면 음식과 함께 서비스로 보내드려요~!^^','가게사진18.jpg',0,0,'부전동/전포동','1234123416','부산',0),(27,2,'도쿄쉐프','부산 동래구 충렬대로 197','3층 도쿄쉐프','일식','0515066666','11시~23시','이 달의 맛집!!\r\n도쿄쉐프 입니다.\r\n경력 25년 주방장님이 직접 공수해온 횟감으로 대접 합니다!!','도쿄쉐프.jpg',0,0,'명륜동/수안동/사직동/온천동','1234567890','부산',0),(28,3,'미미 찜닭','부산 부산진구 동천로 109','9층','한식','7894561','01시~22시','소문난 찜닭~\r\n맛보시고 기절각','안동.png',0,0,'부전동/전포동','78945612355','부산',0),(29,4,'쉐프가만든치킬 & 떡볶이','부산 동래구 충렬대로 197','1층','한식','0516236289','08시~03시','치킨계의 인싸가 되겠습니다! 부르릉 달려라!','쉐프가만든치킨떡볶이.jpg',0,0,'명륜동/수안동','4526100309','부산',0),(30,1,'가빈','부산 부산진구 동천로 109','7층','중식','0513313442','10시~23시','말로 안한다 맛으로 승부본다.','가빈1.jpg',0,0,'부전동/전포동','1234123416','부산',0),(31,4,'동대문엽기떡볶이','부산 동래구 충렬대로 197','1층','한식','05035272771','09시~23시','서울에 동대문보다 더 맛있습니다','동대문엽기떡볶이.jpg',0,0,'명륜동/수안동','4021591322','부산',0),(32,1,'모리돈카츠','부산 부산진구 동천로 109','7층','일식','0513321231','10시~22시','일본에서 돈카츠만 10년 배우고 왔습니다.','가게사진20.jpg',0,0,'부전동/전포동','1234123417','부산',0),(33,2,'설아네 간장게장&양념게장','부산 동래구 충렬대로 197','7층','한식','0515055555','08시~20시','어머니의 마음으로 만든 간장게장입니다!!\r\n\r\n밥도둑을 넘어선 밥경찰 많이 사랑해주세요.','설아네 간장게장&양념게장.jpg',0,0,'명륜동/수안동/온천동/사직동','1234567890','부산',0),(34,4,'요요충무김밥 (24시)','부산 동래구 충렬대로 197','1층','한식','0507186461','00시~00시','(30년전통)의 요요충무김밥이 요기요를 통해 인사드립니다 항상우리가족이 먹는다는 생각으로 집밥으로 맛있게 모시겠습니다 ** 배달사고가 나면 바로 가게로전화부탁합니다 바로 조치하겠습니다**','요요충무깁밥.jpg',0,0,'명륜동/수안동','6071188652','부산',0),(35,1,'만배아이랑보쌈','부산 부산진구 동천로 109','7층','한식','0513321234','10시~23시','보쌈의 명가','가게사진21.jpg',0,0,'부전동/전포동','1234123418','부산',0),(36,2,'대헌돼지국밥','부산 동래구 충렬대로 197','1층 대헌돼지국밥','한식','0511231234','00시~00시','24시간 우려낸 사골로 대접해드립니다~\r\n\r\n대.헌.돼.지.국.밥 맛있다!!','대헌돼지국밥.jpg',0,0,'명륜동/수안동/사직동/온천동','1234567890','부산',0),(37,1,'혜화동짬뽕극장','부산 부산진구 동천로 109','7층','중식','0513324231','09시~23시','돈까스(돼지생등심) : 국내산\r\n소고기(함박) : 호주산\r\n소고기(우삼겹/차돌박이) : 미국산\r\n돼지고기(함박/롤까스/만두/소시지/소떡소떡) : 국내산\r\n돼지고기(핫도그/페파로니) : 국내산 + 외국산\r\n닭고기(가슴살/후라이드/만두/소떡소떡) : 국내산\r\n닭고기(윙) : 태국산\r\n명태살: 러시아\r\n오징어 : 페루산\r\n김치(배추/고춧가루) : 중국산\r\n쌀(소떡소떡) : 외국산\r\n쌀 : 국내산','혜화동짬뽕극장1.jpg',0,0,'부전동/전포동/당감동/가야동','1234123411','부산',0),(38,4,'야미가','부산 동래구 충렬대로 197','1층','일식','0517186859','00시~00시','야미는 영어로yummy이고 가 는 집 家 를써서 맛있는집이란 뜻입니다\r\n국내산 생고기로 만든 수제돈가스와 소스도 수제로 직접 만들고 있으며,\r\n특히 수제과일소스외 다양한 4가지소스중에 선택 하실 수 있어 기호에 맞게 더욱 맛있게 드실 수 있을겁니다.~~','야미가.jpg',0,0,'명륜동/수안동','1063698344','부산',0),(39,3,'미미참치','부산 부산진구 동천로 109','7층','일식','05178945612','09시~21시','미미참치 오픈했습니다~ \r\n오픈이벤트 리뷰 작성해주시면 참치 한팩 드립니다. ','참치1.PNG',0,0,'/부전동/전포동','78945612311','부산',0),(40,2,'해물아구찜 24시','부산 동래구 충렬대로 197','1층 해물아구찜 24시','한식','0515011123','00시~00시','해물아구찜을 24시 언제든지 만나보세요!!','해물아구찜 24시.jpg',0,0,'명륜동/수안동/온천동/사직동','1234567890','부산',0),(43,3,'미미거래처 ','부산 부산진구 동천로 109','7층','일식','05178945612','08시~20시','미미거래처입니다~ \r\n싱싱한 회로 보답해드리겠습니다 \r\n여덜시 전으로 오시면 소주 한병 무료~!','거래처2.PNG',0,0,'부전동/전포동','789456132111','부산',0),(44,3,'미미탕','부산 부산진구 동천로 109','9층','일식','0517894561','09시~19시','맛잇는 탕집을 오픈했습니다~ \r\n많이 찾아주세요~~ \r\nㅎㅎ','생우럭탕1.PNG',0,0,'부전동/전포동','7845611454','부산',0),(45,4,'모리돈까스','부산 동래구 충렬대로 197','1층','한식','7129327','00시~00시','배달요금 1000원\r\n*명륜동,수안동,온천일부,거제일부 지역은 배달료가 1000원 더 추가됩니다.*','모리돈까스.jpg',0,0,'명륜동/수안동','1073885375','부산',0),(46,1,'전포차이나궁','부산 부산진구 동천로 109','7층','중식','0513343345','09시~23시','밀가루(국내산)돼지고기(국내산)쌀(국내산)','가게사진23.jpg',0,0,'부전동/전포동','1234123419','부산',0),(47,3,'미미 연어집','부산 부산진구 동천로 109','7층','일식','05146544','09시~20시','부드러운 연어 한입 어떠세요? \r\n 불금에 연어~~ 연어~','생언어.PNG',0,1,'부전동/전포동','79456144','부산',0),(48,2,'쫄면주는삼겹본능','부산 동래구 충렬대로 197','1층 쫄면주는 삼겹본능','한식','0513213333','10시~22시','쫄면은 전메뉴 서비스로 나갑니다!!','쫄면주는삼겹본능.jpg',0,0,'명륜동/수안동/온천동/사직동','1234567890','부산',0),(49,3,'미미도시락','부산 부산진구 동천로 109','7층','일식','0517894651','09시~22시','미미도시락 간편식으로 잘 나와있어요 \r\n샐러드도 곧 오픈하니 많이 찾아주세요`','캡1처.PNG',0,0,'/부전동/전포동','879456111','부산',0),(50,3,'미미 해장집','부산 부산진구 동천로 109','7층','일식','0518365454','09시~22시','아침부터 24시간하는 해장 집입니다 \r\n배달도 가능하니 ~ 많이 찾아주세요`~ ','국밥.jpg',0,0,'부전동/전포동','7945611121','부산',0),(51,4,'우미참치&스시','부산 동래구 충렬대로 197','명륜동','일식','0513268987','00시~00시 ','세스코멤버스 공식인증 사업장입니다','우미참치.jpg',0,0,'명륜동/수안동','6233700717','부산',0),(52,2,'스쿨스토어','부산 동래구 충렬대로 197','2층 스쿨스토어','한식','0515053214','09시~21시','아이들이 좋아하는 스쿨스토어입니다!!\r\n\r\n아이들을 위해 맛있게 만들겠습니다!!','스쿨스토어.jpg',0,0,'명륜동/수안동/온천동/사직동','1234567890','부산',0),(53,1,'복단','부산 부산진구 동천로 109','7층','중식','0513333123','09시~23시','최고의맛을 자랑하는 중국집 1대장','가게사진10.jpg',0,0,'부전동/전포동','1234123420','부산',0),(54,4,'교토밥상','부산 동래구 충렬대로 197','1층','일식','0516239782','00시~00시','쌀: 대한민국\r\n소고기: 미국\r\n돼지고기: 스페인 / 대한민국\r\n김치: 대한민국 / 중국\r\n연어: 노르웨이','교토밥상.jpg',0,0,'명륜동/수안동','4012800605','부산',0),(55,1,'홍콩반점-전포점','부산 부산진구 동천로 109','7층','중식','0511231424','09시~23시','짬뽕 : 돼지고기후지(국내산), 오징어(대만산)\r\n짜장면 : 돼지고기후지(국내산)\r\n쟁반짜장 : 돼지고기후지(국내산), 오징어(대만산)\r\n탕수육 : 돼지고기등심(미국산, 캐나다산)\r\n짬뽕밥 : 돼지고기후지(국내산), 오징어(대만산)\r\n짜장밥 : 돼지고기후지(국내산), 계란(국내산)\r\n고추짬뽕 : 돼지고기후지(국내산), 오징어(대만산)\r\n고추짬뽕밥 : 돼지고기후지(국내산), 오징어(대만산)\r\n고추짜장 : 돼지고기후지(국내산)\r\n쌀:국내산\r\n고추가루:국내산\r\n배추:국내산\r\n완두콩:미국산','가게사진11.jpg',0,0,'부전동/전포동','1234112412','부산',0),(56,2,'꽃다림한식전문점','부산 동래구 충렬대로 197','5층 꽃다림한식전문점','한식','0515099999','08시~17시','꽃다림한식전문점 입니다.\r\n\r\n정성을 다해 준비하겠습니다.','꽃다림한식전문점.jpg',0,0,'명륜동/수안동/사직동/온천동','1234567890','부산',0),(58,4,'카와루라멘','부산 동래구 충렬대로 197','1층','일식','0516297230','00시~00시','나도콜라겐이다','카와루라멘.jpg',0,0,'명륜동/수안동','2974900485','부산',0),(59,1,'태백관','부산 부산진구 동천로 109','7층','중식','0513312234','09시~23시','*쌀:국내산 *배추김치:중국산 *고추가루:중국산 *쇠고기:미국 *돼지고기:국내산 *닭고기:브라질\r\n*오징어:국내산 *두부 : 국내산','가게사진12.jpg',0,0,'부전동/전포동','1234123400','부산',0),(60,2,'라쿵푸마라탕','부산 동래구 충렬대로 197','2층 라쿵푸마라탕','중식','0515678976','10시~20시','JMT마라탕/마약마라샹궈 드셔보라해~','라쿵푸마라탕.jpg',0,0,'명륜동/수안동/온천동/사직동','1234567890','부산',0),(61,4,'딱새우 & 스시','부산 동래구 충렬대로 197','1층','일식','0516278917','00시~00시 ','딱새우드시는팁!)\r\n마디마디를 손으로 비틀면 쉽게꺽여용\r\n(단.드실때 다리에 날카로운돌기가있어 찔릴수도있으니 드실때 손조심하셔야해요ㅜ)\r\n연쉐프\r\nTIP)먹다남은 딱새우는 라면이나 해물탕등에 같이 끓여서 먹어도 일품이랍니다~!^^','딱새우&스시1.jpg',0,0,'명륜동/수안동','3977400167','부산',0),(62,1,'마라강호','부산 부산진구 동천로 109','7층','중식','0513324321','09시~23시','내 눈주 아니','가게사진13.jpg',0,0,'부전동/전포동','1234123490','부산',0),(63,2,'보스짬뽕','부산 동래구 충렬대로 197','5층 보스짬뽕','중식','0515051234','00시~00시','술이 술술 들어가는 안주맛집 보스짬뽕!!!!\r\n\r\n실제 조직 보스님이 하시는 가게입니다.','보스짬뽕.jpg',0,0,'명륜동/수안동/온천동/사직동','1234567890','부산',0),(64,1,'더시카고짬뽕','부산 부산진구 동천로 109','7층','중식','0513323345','09시~23시','시카고짬뽕 [돼지고기:미국산,오징어:페루산] 크림짬뽕 [오징어:중국산]\r\n망치갈비짬뽕 [망치고기:독일산] 시카고볶음짜장[오징어:페루산,돼지고기:네덜란드산]\r\n중화비빔밥 [오징어:페루산,돼지고기:미국산] 목살필라프[돼지고기:네덜란드산]\r\n소이,칠리치킨 [브라질산] 크림탕수육[돼지고기:국내산]\r\n등심돈까스 [돼지고기:국내산] 로제짬뽕 [오징어:중국산]\r\n쌀[국내산] 김치[배추,고추가루:중국산]','가게사진14.jpg',0,0,'부전동/전포동','1234123488','부산',0),(65,2,'상상짬뽕','부산 동래구 충렬대로 197','1층 상상짬뽕','중식','0515050001','09시~21시','♥정성을 팔고, 만족을 사는 상상짬뽕이 되겠습니다♥\r\n\r\n## 낙민동은 배달불가합니다 (낙민동은 안락점으로 주문부탁드립니다) ##','상상짬뽕.jpg',0,0,'명륜동/사직동/온천동/수안동','1234567890','부산',0),(66,4,'소소카츠','부산 동래구 충렬대로 197','2층','일식','0516239140','09시~00시 ','쌀:국내산/생등심:국내산(도드람)/김치:중국산','소소카츠.jpg',0,0,'명륜동/수안동','6953900545','부산',0),(68,5,'몽구삼촌탕수공방','부산 동래구 충렬대로 197','없음','중식','0511234567','14시~20시','','메인.JPG',0,0,'명륜동/수안동/사직동/온천동','100-10-10000','부산',0),(69,1,'하오칭짬뽕','부산 부산진구 동천로 109','7층','중식','0513323354','09시~05시','하오칭짬뽕201이 여러분에게 요기요를통해 찾아갑니다..오픈된 깨끗한 주방과 방역시스템을 기반으로 맛,정성,친절은 더하여 고객님 한분한분께 최선을 통해 최고의 맛으로 보답하겠습니다!!!그동안의 배달해서드신집이 식상하시진않나요?\r\n***어떤말을 해야 드셔보시겠어요?***\r\n그맛이 궁금하시지 않나요?지금 바로 주문해보세요ㅡ\r\n커밍쑨~~~~~~~~~~~~~~~~~~~~~~~~~~~~~~~~~\r\n###리뷰를 작성하시기전 음식의문제점이나 불편사항이 있으시다면 바로 전화주세요..성심성의껏 해결해드리겠습니다..\r\n대표번호988 0201 ###\r\n※짬뽕 불뽕(불나게)을 시키실때는매운걸 정말정말 잘드시는분이 아니면 자중해주실것을 부탁 드립니다','가게사진15.jpg',0,0,'부전동/전포동','1234123406','부산',0),(70,4,'도우도우스시','부산 동래구 충렬대로 197','1층','일식','0516297980','09시~23시','광어(국내산), 연어(노르웨이산), 도미(국내산), 소고기(미국산), 돼지고기(국내산), 닭고기(태국산), 쌀(국내산), 김치(중국산)','도우도우스시.jpg',0,0,'명륜동/수안동','7310701403','부산',0),(71,5,'산둥짜장마을','부산 동래구 충렬대로 197','없음','중식','0514566','10시~20시','','메인1.JPG',0,0,'명륜동/수안동/사직동/온천동','100-10-10001','부산',0),(72,4,'아쿠마 스시','부산 동래구 충렬대로 197','1층','일식','05162124587','00시~00시','저희 아쿠마는 값싼 냉동재료가 아닌\r\n1.초밥에 최적화된 최고급 쌀\r\n2.전문요리사의 비법을 더한 밥\r\n3.최고급 쌀식초를 적합한 배율\r\n4.최상급 활어/생연어/혼마구로(참다랑어)\r\n5.직접 손질하는 소고기/새우/전복/장어 등\r\n최대한 수제 초밥위주로 건강과 맛을 생각합니다','아쿠마스시.jpg',0,0,'명륜동/수안동','6780201354','부산',0),(73,5,'청두마라탕','부산 동래구 충렬대로 197','없음','중식','0511234567','17시~22시','','메인2.JPG',0,0,'명륜동/수안동/온천동/사직동','100-10-10002','부산',0),(74,1,'중식당홍','부산 부산진구 동천로 109','7층','중식','0513333312','09시~22시','☆☆세트 주문하시면☆☆\r\n\r\n☆. 군만두 ☆ 서비스!!!!','가게사진16.jpg',0,0,'부전동/전포동','1234123405','부산',0),(77,5,'홍콩반점','부산 동래구 충렬대로 197','없음','중식','0511234567','11시~20시','','메인4.JPG',0,0,'명륜동/수안동/온천동/사직동','100-10-10003','부산',0),(78,5,'한국초밥','부산 동래구 충렬대로 197','없음','일식','0511234567','11시~17시','','메인5.JPG',0,0,'명륜동/사직동/온천동/수안동','100-10-10004','부산',0),(80,5,'스시마쯔리돈까스롤','부산 동래구 충렬대로 197','없음','일식','0511234567','11시~17시','','메인6.JPG',0,0,'수안동/명륜동/온천동/사직동','100-10-10005','부산',0),(81,5,'원카츠','부산 동래구 충렬대로 197','없음','일식','0511234567','10시~15시','','메인7.JPG',0,0,'온천동/명륜동/사직동/수안동','100-10-10006','부산',0),(83,5,'대성횟집','부산 동래구 충렬대로 197','없음','일식','0511234567','16시~23시','','메인8.JPG',0,0,'온천동/명륜동/사직동/수안동','100-10-10006','부산',0);
/*!40000 ALTER TABLE `store` ENABLE KEYS */;
UNLOCK TABLES;
/*!40103 SET TIME_ZONE=@OLD_TIME_ZONE */;

/*!40101 SET SQL_MODE=@OLD_SQL_MODE */;
/*!40014 SET FOREIGN_KEY_CHECKS=@OLD_FOREIGN_KEY_CHECKS */;
/*!40014 SET UNIQUE_CHECKS=@OLD_UNIQUE_CHECKS */;
/*!40101 SET CHARACTER_SET_CLIENT=@OLD_CHARACTER_SET_CLIENT */;
/*!40101 SET CHARACTER_SET_RESULTS=@OLD_CHARACTER_SET_RESULTS */;
/*!40101 SET COLLATION_CONNECTION=@OLD_COLLATION_CONNECTION */;
/*!40111 SET SQL_NOTES=@OLD_SQL_NOTES */;

-- Dump completed on 2020-09-15  8:22:29
