-- MySQL dump 10.13  Distrib 8.0.17, for Win64 (x86_64)
--
-- Host: 59.20.215.149    Database: jspmodel2
-- ------------------------------------------------------
-- Server version	5.7.31-0ubuntu0.16.04.1

/*!40101 SET @OLD_CHARACTER_SET_CLIENT=@@CHARACTER_SET_CLIENT */;
/*!40101 SET @OLD_CHARACTER_SET_RESULTS=@@CHARACTER_SET_RESULTS */;
/*!40101 SET @OLD_COLLATION_CONNECTION=@@COLLATION_CONNECTION */;
/*!50503 SET NAMES utf8 */;
/*!40103 SET @OLD_TIME_ZONE=@@TIME_ZONE */;
/*!40103 SET TIME_ZONE='+00:00' */;
/*!40014 SET @OLD_UNIQUE_CHECKS=@@UNIQUE_CHECKS, UNIQUE_CHECKS=0 */;
/*!40014 SET @OLD_FOREIGN_KEY_CHECKS=@@FOREIGN_KEY_CHECKS, FOREIGN_KEY_CHECKS=0 */;
/*!40101 SET @OLD_SQL_MODE=@@SQL_MODE, SQL_MODE='NO_AUTO_VALUE_ON_ZERO' */;
/*!40111 SET @OLD_SQL_NOTES=@@SQL_NOTES, SQL_NOTES=0 */;

--
-- Table structure for table `admin`
--

DROP TABLE IF EXISTS `admin`;
/*!40101 SET @saved_cs_client     = @@character_set_client */;
/*!50503 SET character_set_client = utf8mb4 */;
CREATE TABLE `admin` (
  `adminNo` int(100) NOT NULL,
  `adminPassword` varchar(10) NOT NULL,
  `adminLevel` int(10) NOT NULL DEFAULT '5',
  PRIMARY KEY (`adminNo`)
) ENGINE=InnoDB DEFAULT CHARSET=utf8;
/*!40101 SET character_set_client = @saved_cs_client */;

--
-- Dumping data for table `admin`
--

LOCK TABLES `admin` WRITE;
/*!40000 ALTER TABLE `admin` DISABLE KEYS */;
INSERT INTO `admin` VALUES (1,'123',1),(2,'123',2),(3,'123',3),(4,'123',4),(5,'123',5),(6,'123',5);
/*!40000 ALTER TABLE `admin` ENABLE KEYS */;
UNLOCK TABLES;

--
-- Table structure for table `ceo`
--

DROP TABLE IF EXISTS `ceo`;
/*!40101 SET @saved_cs_client     = @@character_set_client */;
/*!50503 SET character_set_client = utf8mb4 */;
CREATE TABLE `ceo` (
  `ceoNo` int(11) NOT NULL AUTO_INCREMENT,
  `email` varchar(100) NOT NULL,
  `password` varchar(20) NOT NULL,
  `name` varchar(45) NOT NULL,
  `phone` varchar(20) NOT NULL,
  `permission` varchar(10) NOT NULL DEFAULT 'F',
  PRIMARY KEY (`ceoNo`),
  UNIQUE KEY `email_UNIQUE` (`email`)
) ENGINE=InnoDB AUTO_INCREMENT=122 DEFAULT CHARSET=utf8;
/*!40101 SET character_set_client = @saved_cs_client */;

--
-- Dumping data for table `ceo`
--

LOCK TABLES `ceo` WRITE;
/*!40000 ALTER TABLE `ceo` DISABLE KEYS */;
INSERT INTO `ceo` VALUES (3,'m6ydz642@naver.com','1234','테스트3','01012345678','T'),(4,'test4@hanmail.net','1234','테스트4','01012345678','T'),(5,'kim@naver.com','1234','관리자','01012345678','T'),(100,'test@test.com','1234','테스트','01012345678','T'),(101,'ernie2030@naver.com','test','차스용','01096924300','T'),(113,'test2@google.com','1234','테스트1','01012345678','T'),(114,'mi@naver.com','1234','미미사장','01012345678','T'),(115,'ceosuwon@naver.com','1234','조수원','01044173371','T'),(116,'cha@naver.com','1234','차승요','0101234123','T'),(118,'jinjin@google.com','123','김진진','01012345678','T'),(119,'taewoo@naver.com','1234','이태우','01012345668','T'),(120,'abcde@naver.com','1234','abcde','01012344321','T'),(121,'jinjin3@google.com','123','김진진','01012345678','T');
/*!40000 ALTER TABLE `ceo` ENABLE KEYS */;
UNLOCK TABLES;

--
-- Table structure for table `coupon`
--

DROP TABLE IF EXISTS `coupon`;
/*!40101 SET @saved_cs_client     = @@character_set_client */;
/*!50503 SET character_set_client = utf8mb4 */;
CREATE TABLE `coupon` (
  `couponNo` int(10) NOT NULL AUTO_INCREMENT,
  `customerNo` int(11) NOT NULL,
  `name` varchar(100) NOT NULL,
  `discount` int(10) NOT NULL,
  `expDate` timestamp NULL DEFAULT NULL,
  `used` varchar(45) DEFAULT 'F',
  PRIMARY KEY (`couponNo`)
) ENGINE=InnoDB AUTO_INCREMENT=20200985 DEFAULT CHARSET=utf8;
/*!40101 SET character_set_client = @saved_cs_client */;

--
-- Dumping data for table `coupon`
--

LOCK TABLES `coupon` WRITE;
/*!40000 ALTER TABLE `coupon` DISABLE KEYS */;
INSERT INTO `coupon` VALUES (20200969,22,'룰렛이벤트 20% 할인 쿠폰',20,'2020-09-11 15:00:00','F'),(20200970,22,'룰렛이벤트 5% 할인 쿠폰',5,'2020-09-11 15:00:00','F'),(20200971,22,'룰렛이벤트 5% 할인 쿠폰',5,'2020-09-11 15:00:00','F'),(20200972,22,'룰렛이벤트 20% 할인 쿠폰',20,'2020-09-11 15:00:00','F'),(20200973,22,'룰렛이벤트 20% 할인 쿠폰',20,'2020-09-11 15:00:00','F'),(20200974,43,'룰렛이벤트 30% 할인 쿠폰',30,'2020-09-11 15:00:00','F'),(20200975,24,'룰렛이벤트 5% 할인 쿠폰',5,'2020-09-11 15:00:00','T'),(20200976,35,'룰렛이벤트 50% 할인 쿠폰',50,'2020-09-11 15:00:00','F'),(20200977,42,'룰렛이벤트 10% 할인 쿠폰',10,'2020-09-11 15:00:00','T'),(20200978,42,'룰렛이벤트 10% 할인 쿠폰',10,'2020-09-12 15:00:00','F'),(20200979,39,'룰렛이벤트 10% 할인 쿠폰',10,'2020-09-12 15:00:00','F'),(20200980,42,'룰렛이벤트 20% 할인 쿠폰',20,'2020-09-13 15:00:00','F'),(20200981,22,'룰렛이벤트 10% 할인 쿠폰',10,'2020-09-13 15:00:00','F'),(20200982,52,'룰렛이벤트 5% 할인 쿠폰',5,'2020-09-13 15:00:00','F'),(20200983,62,'룰렛이벤트 30% 할인 쿠폰',30,'2020-09-13 15:00:00','F'),(20200984,41,'룰렛이벤트 5% 할인 쿠폰',5,'2020-09-14 15:00:00','F');
/*!40000 ALTER TABLE `coupon` ENABLE KEYS */;
UNLOCK TABLES;

--
-- Table structure for table `customer`
--

DROP TABLE IF EXISTS `customer`;
/*!40101 SET @saved_cs_client     = @@character_set_client */;
/*!50503 SET character_set_client = utf8mb4 */;
CREATE TABLE `customer` (
  `customerNo` int(10) NOT NULL AUTO_INCREMENT,
  `email` varchar(100) NOT NULL,
  `password` varchar(100) NOT NULL,
  `nickname` varchar(45) NOT NULL,
  `roadAddress` varchar(100) NOT NULL,
  `detailAddress` varchar(100) NOT NULL,
  `bname` varchar(45) NOT NULL,
  `phone` varchar(20) NOT NULL,
  `grade` int(10) NOT NULL DEFAULT '5',
  `agreeAD` varchar(10) NOT NULL DEFAULT 'F',
  `sido` varchar(45) NOT NULL,
  PRIMARY KEY (`customerNo`),
  UNIQUE KEY `email_UNIQUE` (`email`)
) ENGINE=InnoDB AUTO_INCREMENT=63 DEFAULT CHARSET=utf8;
/*!40101 SET character_set_client = @saved_cs_client */;

--
-- Dumping data for table `customer`
--

LOCK TABLES `customer` WRITE;
/*!40000 ALTER TABLE `customer` DISABLE KEYS */;
INSERT INTO `customer` VALUES (22,'test@123','123','test123(이태우123)','부산 부산진구 동천로 109 ','132','부전동','01012341234',5,'T','부산'),(24,'a@naver.com','123','a네이버','부산 부산진구 동천로 109','132','부전동','01012341234',5,'F','부산'),(25,'jmin@google.com','1234','지민','부산 부산진구 동천로 109','132','부전동','01012345678',5,'F','부산'),(26,'test1234@google.com','1234','test1234','부산 부산진구 동천로 109','132','부전동','01012345678',5,'F','부산'),(27,'test12345@google.com','1234','test12345','부산 부산진구 동천로 109','132','부전동','01012345678',5,'F','부산'),(28,'test@google.com','1234','test구글','부산 부산진구 동천로 109','132','부전동','01012345678',5,'F','부산'),(33,'suwon@naver.com','1234','수원','부산 부산진구 동천로 109','132','부전동','01044173371',5,'T','부산'),(35,'babo@naver.com','123','babo','부산 부산진구 동천로 109','132','부전동','010123',5,'F','부산'),(37,'m6ydz64234@naver.com','1234','m6ydz642','부산 부산진구 동천로 109','132','부전동','01012341234',5,'F','부산'),(38,'dkzld159@naver.com','1234','mimi','부산 부산진구 동천로 109','132','부전동','01012345678',5,'T','부산'),(39,'test@naver.com','1234','test','부산 부산진구 동천로 109','132','부전동','010123213213',5,'F','부산'),(40,'devsin@naver.com','1234','상국띠','부산 부산진구 동천로 109  ','123123123123','부전동','123123',5,'F','부산'),(41,'dkzld@naver.com','16014B69AE2401B8A1D6434177DE1128','mimimi','부산 부산진구 동천로 109             ','132','부전동','01023449293',5,'T','부산'),(42,'testm6ydz642@naver.com','4D11738450675ACDF55E9CE9F0508C044618363E446B10E7260927347CE90791','독산동 총잡이','부산 부산진구 동천로 109','아이티 윌','부전동','1234',5,'T','부산'),(43,'cust@naver.com','1q2w3e4r','이태우','부산 부산진구 동천로 109','11','부전동','01001023445131',5,'F','부산'),(52,'aes@naver.com','B2B8C35D33C66BCAD66A4023022EF05E','aestest','부산 부산진구 동천로 109','아이티 윌','부전동','0101234',5,'Y','부산'),(53,'aestest2@naver.com','A5C2A4F650FFF03C0ABF22DB7D0274EB8C31B871619276AD473B3B53FE080DFE','aestest2','부산 강서구 가달1로 7','ㅇㅇ 입니다','생곡동','0102342342',5,'F','부산'),(55,'aesjoon@naver.com','DCE4C0F148F73374E8219248E1E5BF8B82E6B61C0456A741B1D5423D17D8EB41','aesnick','주소   ','나머지주소','비네임','101234',5,'F','시도'),(58,'jinjin@google.com','1234','진진','부산 부산진구 동천로 109 ','아이티 윌 공백','부전동','11111111',5,'F','부산'),(59,'kdzlbsjeajfshea@naver.com','DC1C5C779388F1293FCB036FC4A6419C419509C5B34B0DEF58362C0575DB447A','김준여123','부산 강서구 가달1로 7   ','1234','생곡동','01024234234',5,'F','부산'),(60,'master@naver.com','AE444C48AF59A7E79AE9FA6259210DBE445BC9C69C7E302F8129AAC70BF0E6FC','미스터킴','부산 부산진구 동천로 109   ','아이티윌','부전동','01023432423',5,'F','부산'),(61,'master123@naver.com','14DAA9D9C7BC6B0700674249376589CD40DD1F635F9AD11475257C1E04033876','master123','부산 부산진구 동천로 109  ','아이티 윌','부전동','010123123123',5,'T','부산'),(62,'jyc9494@naver.com','1F6AEB9CF4DAD1EEA33B1929625934B554121E22D5D355C5E953F50C5FF29344','조수원','부산 부산진구 동천로 109','7층','부전동','01044173371',5,'T','부산');
/*!40000 ALTER TABLE `customer` ENABLE KEYS */;
UNLOCK TABLES;

--
-- Table structure for table `delivengers`
--

DROP TABLE IF EXISTS `delivengers`;
/*!40101 SET @saved_cs_client     = @@character_set_client */;
/*!50503 SET character_set_client = utf8mb4 */;
CREATE TABLE `delivengers` (
  `delivengersNo` int(11) NOT NULL,
  `password` varchar(45) NOT NULL,
  PRIMARY KEY (`delivengersNo`)
) ENGINE=InnoDB DEFAULT CHARSET=utf8;
/*!40101 SET character_set_client = @saved_cs_client */;

--
-- Dumping data for table `delivengers`
--

LOCK TABLES `delivengers` WRITE;
/*!40000 ALTER TABLE `delivengers` DISABLE KEYS */;
INSERT INTO `delivengers` VALUES (1,'1234'),(2,'1234'),(3,'1234'),(4,'1234');
/*!40000 ALTER TABLE `delivengers` ENABLE KEYS */;
UNLOCK TABLES;

--
-- Table structure for table `delivery`
--

DROP TABLE IF EXISTS `delivery`;
/*!40101 SET @saved_cs_client     = @@character_set_client */;
/*!50503 SET character_set_client = utf8mb4 */;
CREATE TABLE `delivery` (
  `delivengersNo` int(11) NOT NULL,
  `orderNo` int(11) NOT NULL,
  `departureTime` timestamp NULL DEFAULT CURRENT_TIMESTAMP,
  `arrivalTime` timestamp NULL DEFAULT '1998-12-31 15:00:01',
  PRIMARY KEY (`orderNo`)
) ENGINE=InnoDB DEFAULT CHARSET=utf8;
/*!40101 SET character_set_client = @saved_cs_client */;

--
-- Dumping data for table `delivery`
--

LOCK TABLES `delivery` WRITE;
/*!40000 ALTER TABLE `delivery` DISABLE KEYS */;
INSERT INTO `delivery` VALUES (1,0,'2020-09-10 07:41:20','1998-12-31 15:00:01'),(1,7,'2020-09-10 06:24:14','2020-09-10 12:01:27'),(2,29,'2020-09-09 08:28:55','1998-12-31 15:00:01'),(1,35,'2020-09-09 08:01:46','2020-09-11 11:33:27'),(1,36,'2020-09-09 06:37:07','2020-09-11 11:33:31'),(1,43,'2020-09-11 00:53:19','2020-09-11 05:11:02'),(1,44,'2020-09-11 00:45:48','2020-09-11 00:46:08'),(1,49,'2020-09-10 03:51:27','2020-09-10 12:01:19'),(1,58,'2020-09-09 08:15:50','2020-09-10 12:01:16'),(1,65,'2020-09-10 03:53:48','2020-09-10 12:01:21'),(1,70,'2020-09-11 08:38:44','2020-09-11 08:38:59'),(1,82,'2020-09-11 00:44:50','2020-09-11 00:45:10'),(1,89,'2020-09-11 08:27:09','2020-09-11 08:28:35'),(1,91,'2020-09-11 08:27:51','2020-09-11 08:36:12'),(1,92,'2020-09-11 00:38:15','2020-09-11 00:43:28'),(1,93,'2020-09-11 11:40:24','2020-09-11 12:01:02');
/*!40000 ALTER TABLE `delivery` ENABLE KEYS */;
UNLOCK TABLES;

--
-- Table structure for table `menu`
--

DROP TABLE IF EXISTS `menu`;
/*!40101 SET @saved_cs_client     = @@character_set_client */;
/*!50503 SET character_set_client = utf8mb4 */;
CREATE TABLE `menu` (
  `menuNo` int(11) NOT NULL AUTO_INCREMENT,
  `storeNo` int(10) NOT NULL,
  `name` varchar(50) NOT NULL,
  `price` int(10) NOT NULL,
  `image` varchar(45) DEFAULT NULL,
  `category` varchar(45) NOT NULL,
  PRIMARY KEY (`menuNo`),
  KEY `fk_menu_storeNo_idx` (`storeNo`),
  CONSTRAINT `fk_menu_storeNo` FOREIGN KEY (`storeNo`) REFERENCES `store` (`storeNo`) ON DELETE CASCADE ON UPDATE NO ACTION
) ENGINE=InnoDB AUTO_INCREMENT=145 DEFAULT CHARSET=utf8;
/*!40101 SET character_set_client = @saved_cs_client */;

--
-- Dumping data for table `menu`
--

LOCK TABLES `menu` WRITE;
/*!40000 ALTER TABLE `menu` DISABLE KEYS */;
INSERT INTO `menu` VALUES (1,100,'food1',10000,'food1.jpg','주 메뉴'),(2,100,'food2test',12000,'fodd2.jpg','주 메뉴'),(3,100,'desert1',7000,'desert1.jpg','사이드 메뉴'),(4,100,'desert2',5000,'desert2.jpg','사이드 메뉴'),(5,100,'drink1',2000,'drinkg1.jpg','음료/주류'),(6,100,'drink2',1000,'drinkg2.jpg','음료/주류'),(22,113,'짬뽕123',6500,'짬뽕.png','주 메뉴'),(25,116,'짜장면',13000,'국빱10.jpg','세트 메뉴'),(26,116,'미미짱',1000,'짜장면1.png','주 메뉴'),(27,113,'국밥2',100,'국밥.jpg','주 메뉴'),(32,119,'1인분 정식갈비 세트',900000,'돼지갈비.jpg','세트 메뉴'),(33,119,'소금구이',14000,'소금구이.jpg','사이드 메뉴'),(35,113,'미미',100,'짜장면.png','주 메뉴'),(38,125,'순살 찜닭',25000,'순살찜닭.jpg','주 메뉴'),(39,125,'뼈있는 찜닭',22000,'뼈찜닭.jpg','주 메뉴'),(40,126,'충무김밥',6000,'충무김밥.jpg','주 메뉴'),(41,126,'돈까스정식',8000,'돈까스정식.jpg','세트 메뉴'),(42,126,'공기밥',1000,'공기밥.jpg','사이드 메뉴'),(43,126,'계란후라이',500,'계란후라이.jpg','사이드 메뉴'),(44,126,'콜라 500ml',1500,'콜라.jpg','음료/주류'),(45,127,'짜장면',5000,'주메뉴-짜장면.jpg','주 메뉴'),(46,127,'세트1(탕수육,짜장면)',15000,'세트메뉴 -탕짜.jpg','세트 메뉴'),(47,127,'사이다',1500,'음료 - 사이다.jpg','음료/주류'),(48,128,'곱창전골',10000,'곱창전골.jpg','주 메뉴'),(49,128,'새우볶음밥',12000,'햄야채볶음밥.jpg','주 메뉴'),(50,129,'음료',1500,'음료.JPG','음료/주류'),(51,129,'군만두',5000,'사이드- 군만두.JPG','사이드 메뉴'),(52,129,'공기밥',1000,'사이드-공기밥.JPG','사이드 메뉴'),(53,129,'꿔바로우',10000,'주메뉴-꿔바로우.JPG','주 메뉴'),(54,129,'짬뽕',7000,'짬뽕명가-짬뽕.JPG','주 메뉴'),(55,129,'탕수육',10000,'짬뽕명가-탕수육.JPG','주 메뉴'),(56,130,'세트 1(떡1 + 튀오뎅1 + 튀만두1)',11000,NULL,'세트 메뉴'),(57,130,'치즈 떡볶이',4000,'치즈떡볶이.JPG','주 메뉴'),(58,130,'모듬 튀김',6500,'모듬튀김.JPG','사이드 메뉴'),(59,130,'쿨피스',2000,NULL,'음료/주류'),(60,131,'아메리카노',200,'아메리카노jpg.PNG','주 메뉴'),(61,131,'카푸치노',500,NULL,'주 메뉴'),(62,132,'모듬 초밥세트',15000,'모듬초밥1.jpg','세트 메뉴'),(63,132,'1인 초밥세트',10000,'1인 초밥.jpg','세트 메뉴'),(64,132,'연어 초밥 12ps',9000,'연어초밥.jpg','주 메뉴'),(65,132,'새우 튀김 3ps',4000,'새우튀김.jpg','사이드 메뉴'),(66,132,'생새우 초밥 12ps',9000,'생새우.jpg','주 메뉴'),(67,132,'콜라 500ml',1500,'콜라.jpg','음료/주류'),(68,134,'훠궈세트',24000,'신흥원훠거1.jpg','세트 메뉴'),(69,134,'마라탕',7000,'마라탕.jpg','주 메뉴'),(70,134,'꿔바로우',12000,'꿔바로우.jpg','주 메뉴'),(71,134,'양꼬치 10개',11000,'양꼬치10.jpg','사이드 메뉴'),(72,134,'콜라',1500,'콜라1.jpg','음료/주류'),(73,134,'사이다',1500,'사이다.jpg','음료/주류'),(74,134,'환타',1500,'환타.jpg','음료/주류'),(75,136,'물만두',5000,'사이드-물만두2.JPG','사이드 메뉴'),(76,136,'코카콜라',1000,'코카콜라.JPG','음료/주류'),(77,137,'한마리 찜닭',20800,'한마리찜닭.JPG','주 메뉴'),(78,137,'로제 찜닭 세트',33800,'로제찜닭세트.JPG','세트 메뉴'),(79,137,'반마리 찜닭',18000,'반마리찜닭.JPG','주 메뉴'),(80,139,'소유라멘',8000,'소유라멘.jpg','세트 메뉴'),(81,141,'탕수육+군만두+짜장면2',24000,'탕수육군만두짜장면2.jpg','세트 메뉴'),(82,141,'짜장면',5000,'짜장면.jpg','주 메뉴'),(83,141,'삼선짬뽕',6500,'삼선짬뽕.jpg','주 메뉴'),(84,141,'새우볶음밥',7000,'새우볶음밥.jpg','주 메뉴'),(85,141,'공기밥',1000,'공기밥1.jpg','사이드 메뉴'),(86,142,'군만두',5000,'사이드-군만두.JPG','사이드 메뉴'),(87,142,'사천짜장',7000,'주메뉴-사천짜장.JPG','주 메뉴'),(88,142,'짬뽕',5000,'주메뉴-짬뽕.JPG','주 메뉴'),(89,142,'해물쟁반짜장',7000,'주메뉴-해물쟁반짜장.JPG','주 메뉴'),(90,142,'사이다',1500,'음료 - 사이다1.jpg','음료/주류'),(91,143,'유부 초밥',2000,'유부.PNG','주 메뉴'),(92,143,'새우튀김',5000,'새우.PNG','사이드 메뉴'),(93,144,'연어초밥',12000,'연어초밥.jpg','주 메뉴'),(94,144,'상무초밥',15000,'상무초밥.jpg','사이드 메뉴'),(95,145,'삼겹살구이정식',9000,'삼겹살구이정식.jpg','주 메뉴'),(96,145,'우삼겹구이정식',9000,'우삼겹구이정식.jpg','주 메뉴'),(97,145,'우삼겹된장찌개',5000,'우삼겹된장찌개.jpg','사이드 메뉴'),(98,145,'콜라',1000,'콜라.jpg','음료/주류'),(99,145,'환타(파인애플)',1000,'환타(파인애플).jpg','음료/주류'),(100,146,'시카고짬뽕',8000,'시카고짬뽕.jpg','주 메뉴'),(101,146,'크림짬뽕',9000,'크림짬뽕.jpg','주 메뉴'),(102,146,'로제짬뽕',9000,'로제짬뽕.jpg','주 메뉴'),(103,146,'소이치킨5p',5000,'소이치킨5p.jpg','사이드 메뉴'),(104,146,'군만두6p',3500,'군만두6p.jpg','사이드 메뉴'),(105,147,'세트1',20000,'세트1-탕수육+짜장2+콜라.JPG','세트 메뉴'),(106,147,'세트2',21000,'세트2- 탕수육.짬뽕.짜장.콜라.JPG','세트 메뉴'),(107,147,'환타',1500,'음료-환타.JPG','음료/주류'),(108,147,'볶음밥',7000,'주메뉴-볶음밥.JPG','주 메뉴'),(109,147,'불짜장',7000,'주메뉴-불짜장.JPG','주 메뉴'),(110,148,'안동찜닭',200000,'안동.png','주 메뉴'),(111,148,'닭도리 ',52000,'닭도리.png','주 메뉴'),(112,149,'까르보나라 떡볶이',6000,'까르보나라떡볶이.jpg','사이드 메뉴'),(113,149,'모듬튀김 7P',6000,'모듬튀김.jpg','세트 메뉴'),(114,151,'치킨 버거 ',10000,'치킨.PNG','주 메뉴'),(115,151,'뚱버거세트',15000,'뚱버거.PNG','세트 메뉴'),(116,152,'최상급 대게 1kg',79900,'까르보나라떡볶이1.jpg','세트 메뉴'),(117,153,'국내산 족발',19000,'국내산족발1.JPG','주 메뉴'),(118,153,'보쌈세트(보쌈 4종반찬 + 음료 2 + 모밀국수)',40000,'보쌈세트1.JPG','세트 메뉴'),(119,153,'냉모밀국수',5000,'냉모밀국수1.JPG','사이드 메뉴'),(120,153,'콜라',1000,'콜라1.JPG','음료/주류'),(121,153,'사이다',1000,'사이다.JPG','세트 메뉴'),(122,154,'마라두부덮밥',6000,'사이드-마라두부덮밥.JPG','사이드 메뉴'),(123,154,'콜라',1500,'음료-콜라.JPG','음료/주류'),(124,154,'양꼬치',10000,'주메뉴 양꼬치.JPG','주 메뉴'),(125,154,'마라탕',8000,'주메뉴-마라탕.JPG','주 메뉴'),(126,155,'탕수육+짜장 1인세트',14000,'탕수육짜장.jpg','세트 메뉴'),(127,155,'차돌박이짬뽕',9000,'차돌박이짬뽕.jpg','주 메뉴'),(128,155,'중화비빔밥',9000,'중화비빔밥.jpg','주 메뉴'),(129,155,'고추군만두',5000,'고추군만두.jpg','사이드 메뉴'),(130,155,'스프라이트',1500,'스프라이트.jpg','음료/주류'),(131,156,'참치모듬회',55000,'참치모듬회.jpg','세트 메뉴'),(132,156,'생연어회 1인분',20000,'생연어회.jpg','세트 메뉴'),(133,157,'찹살 탕수육',12000,'찹살탕수육.jpg','주 메뉴'),(134,157,'매콤간장 탕수육',12000,'매콤간장탕수육.jpg','주 메뉴'),(135,157,'햄야채볶음밥',4000,'햄야채볶음밥.jpg','사이드 메뉴'),(136,157,'새우볶음밥',5000,'새우볶음밥1.jpg','사이드 메뉴'),(137,158,'모듬회(광어+연어+생와사비+매운탕)',23000,'모듬회(광어+연어+초장+간장+생와사비).JPG','세트 메뉴'),(138,158,'유부초밥',15000,'유부초밥.JPG','주 메뉴'),(139,158,'새우튀김',8000,'새우튀김.JPG','사이드 메뉴'),(140,158,'콜라',1000,'콜라2.jpg','음료/주류'),(141,158,'사이다',1000,'사이다1.jpg','음료/주류'),(142,158,'초밥세트(그날그날달라요)',25000,'잉잉초밥1.JPG','세트 메뉴'),(143,158,'광어초밥12p',18000,'잉잉초밥2.JPG','주 메뉴'),(144,158,'새우튀김 3pcs',3000,'새우튀김1.JPG','사이드 메뉴');
/*!40000 ALTER TABLE `menu` ENABLE KEYS */;
UNLOCK TABLES;

--
-- Table structure for table `orderList`
--

DROP TABLE IF EXISTS `orderList`;
/*!40101 SET @saved_cs_client     = @@character_set_client */;
/*!50503 SET character_set_client = utf8mb4 */;
CREATE TABLE `orderList` (
  `orderNo` int(10) NOT NULL AUTO_INCREMENT,
  `customerNo` int(10) DEFAULT NULL,
  `storeNo` int(10) NOT NULL,
  `roadAddress` varchar(45) NOT NULL,
  `detailAddress` varchar(45) NOT NULL,
  `phone` varchar(20) NOT NULL,
  `payment` varchar(20) NOT NULL DEFAULT 'F',
  `request` varchar(200) NOT NULL DEFAULT '요청사항 없음',
  `orderTime` timestamp NULL DEFAULT CURRENT_TIMESTAMP,
  `orderCheck` varchar(10) NOT NULL DEFAULT 'F',
  `prepareTime` varchar(10) DEFAULT NULL,
  `deliveryCheck` varchar(10) NOT NULL DEFAULT 'F',
  `couponNo` varchar(30) DEFAULT NULL,
  PRIMARY KEY (`orderNo`),
  KEY `fk_customerNo_idx` (`customerNo`),
  KEY `fk_orderList_storeNo_idx` (`storeNo`),
  CONSTRAINT `fk_orderList_customerNo` FOREIGN KEY (`customerNo`) REFERENCES `customer` (`customerNo`) ON DELETE CASCADE ON UPDATE NO ACTION,
  CONSTRAINT `fk_orderList_storeNo` FOREIGN KEY (`storeNo`) REFERENCES `store` (`storeNo`) ON DELETE NO ACTION ON UPDATE NO ACTION
) ENGINE=InnoDB AUTO_INCREMENT=100 DEFAULT CHARSET=utf8;
/*!40101 SET character_set_client = @saved_cs_client */;

--
-- Dumping data for table `orderList`
--

LOCK TABLES `orderList` WRITE;
/*!40000 ALTER TABLE `orderList` DISABLE KEYS */;
INSERT INTO `orderList` VALUES (3,22,130,'부산 부산진구 동천로 109','132','01012341234','47000','82 배송해주세요','2020-09-04 08:15:54','T','20','F','20200968'),(4,22,130,'부산 부산진구 동천로 109','132','01012341234','23500','중복테스트','2020-09-04 08:16:55','T','20','F',NULL),(5,22,130,'부산 부산진구 동천로 109','132','01012341234','23500','중복 테스트\n','2020-09-04 08:18:00','T','20','D',NULL),(7,22,137,'부산 부산진구 동천로 109','132','01012341234','72600','4마리로 주세요','2020-09-04 08:48:57','T','50','T',NULL),(8,22,125,'부산 부산진구 동천로 109','132','01012341234','47000','없음','2020-09-04 11:35:47','T',NULL,'T','-1'),(10,22,156,'부산 부산진구 동천로 109','132','01012341234','75000','없음','2020-09-04 16:30:59','F',NULL,'F','13'),(15,40,125,'부산 부산진구 동천로 109','132','01039382934','47000','없음','2020-09-05 12:50:01','T',NULL,'T','16'),(16,40,125,'부산 부산진구 동천로 109','132','01039382934','47000','없음','2020-09-05 12:50:01','T',NULL,'T','13'),(18,22,125,'부산 부산진구 동천로 109','132','01012341234','20000','없음','2020-09-05 14:17:16','T',NULL,'T','134'),(21,33,125,'부산 부산진구 동천로 109','132','01044173371','47000','없음','2020-09-06 08:46:48','T',NULL,'T','-1'),(22,22,125,'부산 부산진구 동천로 109','132','01012341234','47000','없음','2020-09-07 02:18:30','T',NULL,'T','-1'),(23,40,145,'부산 부산진구 동천로 109','132','01039382934','25000','없음','2020-09-07 03:21:27','F',NULL,'F','-1'),(24,22,113,'부산 부산진구 전포동 358-45','132','01012341234','6700','없음','2020-09-07 04:46:47','T','50','T','-1'),(25,22,125,'부산 부산진구 동천로 109','132','01012341234','97000','없음','2020-09-07 06:53:54','T',NULL,'T','-1'),(26,22,125,'부산 부산진구 동천로 109','132','01012341234','25000','없음','2020-09-07 07:09:21','T',NULL,'T','-1'),(27,22,126,'부산 부산진구 동천로 109','132','01012341234','8000','없음','2020-09-07 07:33:50','F',NULL,'F','-1'),(28,42,125,'부산 부산진구 동천로 109','132','01059761248','47000','없음','2020-09-07 08:03:10','T','20','T','-1'),(29,42,130,'부산 부산진구 동천로 109','132','01059761248','23500','많이 주세요 사장님\n','2020-09-07 08:08:58','T','20','D','-1'),(30,42,130,'부산 부산진구 동천로 109','132','01059761248','23500','없음','2020-09-08 01:06:44','T','20','D','-1'),(31,42,113,'부산 부산진구 동천로 109','132','01059761248','6700','지난번처럼 많이 주세요 ㅎㅎ','2020-09-08 01:11:05','T','20','T','-1'),(32,42,125,'부산 부산진구 동천로 109','132','01059761248','72000','없음','2020-09-08 01:12:00','T',NULL,'T','-1'),(33,42,134,'부산 부산진구 동천로 109','132','01059761248','58500','없음','2020-09-08 01:17:08','F',NULL,'F','-1'),(34,22,125,'부산 부산진구 동천로 109','132','01059761248','58500','없음','2020-09-08 01:17:08','T',NULL,'T','-1'),(35,22,130,'부산 부산진구 동천로 109','132','01012341234','11000','없음','2020-09-08 02:45:21','T','20','A','-1'),(36,22,130,'부산 부산진구 동천로 109','132','01012341234','11000','안녕하세요','2020-09-08 02:49:48','T','20','A','-1'),(37,22,131,'부산 부산진구 동천로 109','132','01012341234','200','없음','2020-09-08 02:51:50','T','20','T','-1'),(38,22,145,'부산 부산진구 동천로 109','132','01012341234','9000','없음','2020-09-08 03:01:19','F',NULL,'F','-1'),(39,22,145,'부산 부산진구 동천로 109','132','01012341234','18000','없음','2020-09-08 03:29:57','F',NULL,'F','-1'),(40,22,145,'부산 부산진구 동천로 109','132','01012341234','14000','없음','2020-09-08 03:30:09','T',NULL,'T','-1'),(41,22,145,'부산 부산진구 동천로 109','132','01012341234','1000','없음','2020-09-08 03:30:17','F',NULL,'F','-1'),(42,22,145,'부산 부산진구 동천로 109','132','01012341234','1000','없음','2020-09-08 03:30:25','T','50','F','-1'),(43,22,145,'부산 부산진구 동천로 109','132','01012341234','2000','없음','2020-09-08 03:30:33','T','50','A','-1'),(44,22,145,'부산 부산진구 동천로 109','132','01012341234','27000','없음','2020-09-08 03:30:39','T','50','T','-1'),(45,35,125,'부산 부산진구 동천로 109','132','010123','47000','없음','2020-09-08 03:57:57','T','20','T','-1'),(46,22,126,'부산 부산진구 동천로 109','132','01012341234','8000','없음','2020-09-08 04:31:28','F',NULL,'F','-1'),(47,22,132,'부산 부산진구 동천로 109','132','01012341234','15000','없음','2020-09-08 04:40:55','F',NULL,'F','-1'),(48,42,127,'부산 부산진구 동천로 109','132','01059761248','21500','없음','2020-09-08 08:44:11','F',NULL,'F','-1'),(49,22,145,'부산 부산진구 동천로 109','132','01012341234','24000','없음','2020-09-08 09:05:40','T','40','T','-1'),(50,22,145,'부산 부산진구 동천로 109','132','01012341234','10000','없음','2020-09-09 00:22:40','T',NULL,'T','-1'),(51,22,144,'부산 부산진구 동천로 109','132','01012341234','12000','없음','2020-09-09 00:26:10','T',NULL,'T','-1'),(52,22,145,'부산 부산진구 동천로 109','132','01012341234','50000','없음','2020-09-09 01:40:10','T',NULL,'T','-1'),(53,22,145,'부산 부산진구 동천로 109','132','01012341234','18000','없음','2020-09-07 02:15:05','T',NULL,'T','-1'),(54,22,145,'부산 부산진구 동천로 109','132','01012341234','36000','없음','2020-09-07 03:11:31','T',NULL,'T','-1'),(55,22,145,'부산 부산진구 동천로 109','132','01012341234','5000','없음','2020-09-08 03:23:27','T',NULL,'T','-1'),(56,22,131,'부산 부산진구 동천로 109','132','01012341234','1400','없음','2020-09-09 05:04:20','T','20','T','-1'),(57,22,145,'부산 부산진구 동천로 109','132','01012341234','19000','없음','2020-09-09 05:30:06','T',NULL,'T','-1'),(58,22,130,'부산 부산진구 동천로 109','132','01012341234','2000','없음','2020-09-09 05:31:43','T',NULL,'T','-1'),(59,22,125,'부산 부산진구 동천로 109','132','01012341234','47000','없음','2020-09-09 05:48:53','T',NULL,'T','-1'),(60,22,157,'부산 부산진구 동천로 109','132','01012341234','12000','없음','2020-09-09 06:22:01','T',NULL,'T','-1'),(61,42,134,'부산 부산진구 동천로 109','132','01059761248','3000','없음','2020-09-09 07:16:19','F',NULL,'F','-1'),(62,22,128,'부산 부산진구 동천로 109','132','01012341234','22000','없음','2020-09-09 08:14:18','T',NULL,'T','-1'),(63,22,151,'부산 부산진구 동천로 109','132','01012341234','20000','없음','2020-09-09 08:27:50','T',NULL,'T','-1'),(64,24,126,'부산 부산진구 동천로 109','132','01012341234','8000','없음','2020-09-09 08:50:02','F',NULL,'F','-1'),(65,24,137,'부산 부산진구 동천로 109','132','01012341234','32110','없음','2020-09-09 08:50:14','T','50','T','20200975'),(67,22,100,'22','22','22','22','22','2020-09-10 01:33:36','F',NULL,'F','22'),(68,22,100,'22','22','22','22','22','2020-09-10 01:33:42','F',NULL,'F','22'),(69,42,125,'부산 부산진구 동천로 109','132','01059761248','42300','없음','2020-09-10 01:52:37','T','20','T','20200977'),(70,42,130,'부산 부산진구 동천로 109','132','01059761248','23500','없음','2020-09-10 01:55:16','T','50','T','-1'),(71,42,130,'부산 부산진구 동천로 109','132','01059761248','23500','없음','2020-09-10 01:56:45','T','50','F','-1'),(72,42,130,'부산 부산진구 동천로 109','132','01059761248','21500','없음','2020-09-10 01:57:42','T','50','F','-1'),(73,42,130,'부산 부산진구 동천로 109','132','01059761248','15000','없음','2020-09-10 01:58:23','T','50','F','-1'),(74,42,130,'부산 부산진구 동천로 109','132','01059761248','15000','없음','2020-09-10 01:58:37','T','50','F','-1'),(75,42,130,'부산 부산진구 동천로 109','132','01059761248','23500','없음','2020-09-10 01:59:48','T','50','F','-1'),(76,42,131,'부산 부산진구 동천로 109','132','01059761248','700','없음','2020-09-10 02:00:21','F',NULL,'F','-1'),(77,42,131,'부산 부산진구 동천로 109','132','01059761248','700','없음','2020-09-10 02:01:02','F',NULL,'F','-1'),(78,42,130,'부산 부산진구 동천로 109','132','01059761248','21500','없음','2020-09-10 02:03:22','T','50','F','-1'),(79,42,131,'부산 부산진구 동천로 109','132','01059761248','700','없음','2020-09-10 02:06:06','N',NULL,'F','-1'),(80,42,130,'부산 부산진구 동천로 109','132','01059761248','23500','없음','2020-09-10 02:06:15','T','50','F','-1'),(81,42,125,'부산 부산진구 동천로 109','132','01059761248','47000','없음','2020-09-10 02:06:22','T',NULL,'T','-1'),(82,42,145,'부산 부산진구 동천로 109','132','01059761248','25000','흠','2020-09-10 02:07:17','T','50','T','-1'),(83,22,113,'부산 부산진구 동천로 109','132','01012341234','19900','가나다라마바사','2020-09-10 05:07:48','T','50','F','-1'),(84,22,125,'부산 부산진구 동천로 109 ','132','01012341234','25000','없음','2020-09-10 08:42:52','T','50','F','-1'),(85,22,125,'부산 부산진구 동천로 109 ','132','01012341234','25000','없음','2020-09-10 08:44:32','T','50','F','-1'),(86,22,125,'부산 부산진구 동천로 109 ','132','01012341234','25000','없음','2020-09-10 08:45:44','T','50','F','-1'),(87,42,131,'부산 부산진구 동천로 109','132','01059761248','700','없음','2020-09-10 09:19:18','F',NULL,'F','-1'),(88,42,157,'부산 부산진구 동천로 109','132','01059761248','33000','없음','2020-09-10 09:22:01','F',NULL,'F','-1'),(89,42,137,'부산 부산진구 동천로 109','132','01059761248','33800','없음','2020-09-10 11:53:54','T','50','T','-1'),(90,42,144,'부산 부산진구 동천로 109','132','01059761248','27000','없음','2020-09-10 11:57:53','F',NULL,'F','-1'),(91,22,130,'부산 부산진구 동천로 109 ','132','01012341234','30000','안녕  케찹 많이 ','2020-09-11 00:25:00','T','50','T','-1'),(92,22,145,'부산 부산진구 동천로 109 ','1','01012341234','24000','없음','2020-09-11 00:34:03','T','40','T','-1'),(93,22,125,'부산 부산진구 동천로 109 ','132','01012341234','47000','없음','2020-09-11 00:52:40','T','50','T','-1'),(95,22,131,'부산 부산진구 동천로 109 ','132','01012341234','200','없음','2020-09-11 01:39:57','F',NULL,'F','-1'),(96,22,125,'부산 부산진구 동천로 109 ','132','01012341234','75000','없음','2020-09-11 03:00:28','T','50','F','-1'),(97,22,131,'부산 부산진구 동천로 109 ','132','01012341234','200','없음','2020-09-11 03:03:51','F',NULL,'F','-1'),(98,22,131,'부산 부산진구 동천로 109 ','132','01012341234','200','없음','2020-09-11 03:18:59','F',NULL,'F','-1');
/*!40000 ALTER TABLE `orderList` ENABLE KEYS */;
UNLOCK TABLES;

--
-- Table structure for table `orderMenu`
--

DROP TABLE IF EXISTS `orderMenu`;
/*!40101 SET @saved_cs_client     = @@character_set_client */;
/*!50503 SET character_set_client = utf8mb4 */;
CREATE TABLE `orderMenu` (
  `orderNo` int(10) NOT NULL,
  `name` varchar(50) NOT NULL,
  `basePrice` int(10) DEFAULT NULL,
  `quantity` int(10) NOT NULL,
  `price` int(10) NOT NULL,
  KEY `fk_orderMenu_orderNo_idx` (`orderNo`),
  CONSTRAINT `fk_orderMenu_orderNo` FOREIGN KEY (`orderNo`) REFERENCES `orderList` (`orderNo`) ON DELETE CASCADE ON UPDATE NO ACTION
) ENGINE=InnoDB DEFAULT CHARSET=utf8;
/*!40101 SET character_set_client = @saved_cs_client */;

--
-- Dumping data for table `orderMenu`
--

LOCK TABLES `orderMenu` WRITE;
/*!40000 ALTER TABLE `orderMenu` DISABLE KEYS */;
INSERT INTO `orderMenu` VALUES (3,'세트 1(떡1 + 튀오뎅1 + 튀만두1)',11000,2,22000),(3,'치즈 떡볶이',4000,2,8000),(3,'모듬 튀김',6500,2,13000),(3,'쿨피스',2000,2,4000),(4,'세트 1(떡1 + 튀오뎅1 + 튀만두1)',11000,1,11000),(4,'치즈 떡볶이',4000,1,4000),(4,'모듬 튀김',6500,1,6500),(4,'쿨피스',2000,1,2000),(5,'세트 1(떡1 + 튀오뎅1 + 튀만두1)',11000,1,11000),(5,'치즈 떡볶이',4000,1,4000),(5,'모듬 튀김',6500,1,6500),(5,'쿨피스',2000,1,2000),(7,'로제 찜닭 세트',33800,1,33800),(7,'한마리 찜닭',20800,1,20800),(7,'반마리 찜닭',18000,1,18000),(8,'순살 찜닭',25000,1,25000),(8,'뼈있는 찜닭',22000,1,22000),(10,'참치모듬회',55000,1,55000),(10,'생연어회 1인분',20000,1,20000),(16,'순살 찜닭',25000,1,25000),(16,'뼈있는 찜닭',22000,1,22000),(18,'순살 찜닭',25000,1,25000),(21,'순살 찜닭',25000,1,25000),(21,'뼈있는 찜닭',22000,1,22000),(22,'순살 찜닭',25000,1,25000),(22,'뼈있는 찜닭',22000,1,22000),(23,'삼겹살구이정식',9000,1,9000),(23,'우삼겹된장찌개',5000,1,5000),(23,'우삼겹구이정식',9000,1,9000),(23,'콜라',1000,1,1000),(23,'환타(파인애플)',1000,1,1000),(24,'짬뽕',6500,1,6500),(24,'국밥2',100,1,100),(24,'미미',100,1,100),(25,'순살 찜닭',25000,3,75000),(25,'뼈있는 찜닭',22000,1,22000),(26,'순살 찜닭',25000,1,25000),(27,'돈까스정식',8000,1,8000),(28,'순살 찜닭',25000,1,25000),(28,'뼈있는 찜닭',22000,1,22000),(29,'세트 1(떡1 + 튀오뎅1 + 튀만두1)',11000,1,11000),(29,'치즈 떡볶이',4000,1,4000),(29,'모듬 튀김',6500,1,6500),(29,'쿨피스',2000,1,2000),(30,'세트 1(떡1 + 튀오뎅1 + 튀만두1)',11000,1,11000),(30,'치즈 떡볶이',4000,1,4000),(30,'모듬 튀김',6500,1,6500),(30,'쿨피스',2000,1,2000),(31,'짬뽕',6500,1,6500),(31,'국밥2',100,1,100),(31,'미미',100,1,100),(32,'순살 찜닭',25000,2,50000),(32,'뼈있는 찜닭',22000,1,22000),(33,'환타',1500,1,1500),(33,'사이다',1500,1,1500),(33,'콜라',1500,1,1500),(33,'양꼬치 10개',11000,1,11000),(33,'꿔바로우',12000,1,12000),(33,'마라탕',7000,1,7000),(33,'훠궈세트',24000,1,24000),(35,'세트 1(떡1 + 튀오뎅1 + 튀만두1)',11000,1,11000),(36,'세트 1(떡1 + 튀오뎅1 + 튀만두1)',11000,1,11000),(37,'아메리카노',200,1,200),(38,'삼겹살구이정식',9000,1,9000),(39,'삼겹살구이정식',9000,1,9000),(39,'우삼겹구이정식',9000,1,9000),(40,'삼겹살구이정식',9000,1,9000),(40,'우삼겹된장찌개',5000,1,5000),(41,'콜라',1000,1,1000),(42,'환타(파인애플)',1000,1,1000),(43,'환타(파인애플)',1000,2,2000),(44,'삼겹살구이정식',9000,3,27000),(45,'순살 찜닭',25000,1,25000),(45,'뼈있는 찜닭',22000,1,22000),(46,'돈까스정식',8000,1,8000),(47,'모듬 초밥세트',15000,1,15000),(48,'세트1(탕수육,짜장면)',15000,1,15000),(48,'짜장면',5000,1,5000),(48,'사이다',1500,1,1500),(49,'삼겹살구이정식',9000,1,9000),(49,'우삼겹구이정식',9000,1,9000),(49,'우삼겹된장찌개',5000,1,5000),(49,'콜라',1000,1,1000),(50,'콜라',1000,10,10000),(51,'연어초밥',12000,1,12000),(52,'우삼겹된장찌개',5000,10,50000),(53,'삼겹살구이정식',9000,2,18000),(54,'우삼겹구이정식',9000,4,36000),(55,'우삼겹된장찌개',5000,1,5000),(56,'아메리카노',200,7,1400),(57,'삼겹살구이정식',9000,1,9000),(57,'우삼겹구이정식',9000,1,9000),(57,'환타(파인애플)',1000,1,1000),(58,'쿨피스',2000,1,2000),(59,'순살 찜닭',25000,1,25000),(59,'뼈있는 찜닭',22000,1,22000),(60,'매콤간장 탕수육',12000,1,12000),(61,'콜라',1500,1,1500),(61,'환타',1500,1,1500),(62,'곱창전골',10000,1,10000),(62,'새우볶음밥',12000,1,12000),(63,'치킨 버거 ',10000,2,20000),(64,'돈까스정식',8000,1,8000),(65,'로제 찜닭 세트',33800,1,33800),(69,'순살 찜닭',25000,1,25000),(69,'뼈있는 찜닭',22000,1,22000),(70,'세트 1(떡1 + 튀오뎅1 + 튀만두1)',11000,1,11000),(70,'치즈 떡볶이',4000,1,4000),(70,'모듬 튀김',6500,1,6500),(70,'쿨피스',2000,1,2000),(71,'세트 1(떡1 + 튀오뎅1 + 튀만두1)',11000,1,11000),(71,'치즈 떡볶이',4000,1,4000),(71,'모듬 튀김',6500,1,6500),(71,'쿨피스',2000,1,2000),(72,'세트 1(떡1 + 튀오뎅1 + 튀만두1)',11000,1,11000),(72,'치즈 떡볶이',4000,1,4000),(72,'모듬 튀김',6500,1,6500),(73,'세트 1(떡1 + 튀오뎅1 + 튀만두1)',11000,1,11000),(73,'치즈 떡볶이',4000,1,4000),(74,'세트 1(떡1 + 튀오뎅1 + 튀만두1)',11000,1,11000),(74,'치즈 떡볶이',4000,1,4000),(75,'세트 1(떡1 + 튀오뎅1 + 튀만두1)',11000,1,11000),(75,'치즈 떡볶이',4000,1,4000),(75,'모듬 튀김',6500,1,6500),(75,'쿨피스',2000,1,2000),(76,'아메리카노',200,1,200),(76,'카푸치노',500,1,500),(77,'아메리카노',200,1,200),(77,'카푸치노',500,1,500),(78,'세트 1(떡1 + 튀오뎅1 + 튀만두1)',11000,1,11000),(78,'치즈 떡볶이',4000,1,4000),(78,'모듬 튀김',6500,1,6500),(79,'아메리카노',200,1,200),(79,'카푸치노',500,1,500),(80,'세트 1(떡1 + 튀오뎅1 + 튀만두1)',11000,1,11000),(80,'치즈 떡볶이',4000,1,4000),(80,'모듬 튀김',6500,1,6500),(80,'쿨피스',2000,1,2000),(81,'순살 찜닭',25000,1,25000),(81,'뼈있는 찜닭',22000,1,22000),(82,'삼겹살구이정식',9000,1,9000),(82,'우삼겹구이정식',9000,1,9000),(82,'우삼겹된장찌개',5000,1,5000),(82,'콜라',1000,1,1000),(82,'환타(파인애플)',1000,1,1000),(83,'짬뽕123',6500,3,19500),(83,'국밥2',100,2,200),(83,'미미',100,2,200),(84,'순살 찜닭',25000,1,25000),(85,'순살 찜닭',25000,1,25000),(86,'순살 찜닭',25000,1,25000),(87,'아메리카노',200,1,200),(87,'카푸치노',500,1,500),(88,'찹살 탕수육',12000,1,12000),(88,'매콤간장 탕수육',12000,1,12000),(88,'햄야채볶음밥',4000,1,4000),(88,'새우볶음밥',5000,1,5000),(89,'로제 찜닭 세트',33800,1,33800),(90,'연어초밥',12000,1,12000),(90,'상무초밥',15000,1,15000),(91,'세트 1(떡1 + 튀오뎅1 + 튀만두1)',11000,2,22000),(91,'치즈 떡볶이',4000,2,8000),(92,'삼겹살구이정식',9000,1,9000),(92,'우삼겹구이정식',9000,1,9000),(92,'우삼겹된장찌개',5000,1,5000),(92,'콜라',1000,1,1000),(93,'순살 찜닭',25000,1,25000),(93,'뼈있는 찜닭',22000,1,22000),(95,'아메리카노',200,1,200),(96,'순살 찜닭',25000,3,75000),(97,'아메리카노',200,1,200),(98,'아메리카노',200,1,200);
/*!40000 ALTER TABLE `orderMenu` ENABLE KEYS */;
UNLOCK TABLES;

--
-- Table structure for table `review`
--

DROP TABLE IF EXISTS `review`;
/*!40101 SET @saved_cs_client     = @@character_set_client */;
/*!50503 SET character_set_client = utf8mb4 */;
CREATE TABLE `review` (
  `reviewNo` int(10) NOT NULL AUTO_INCREMENT,
  `orderNo` int(10) NOT NULL,
  `customerNo` int(10) NOT NULL,
  `storeNo` int(10) NOT NULL,
  `contents` varchar(1000) NOT NULL,
  `points` int(2) NOT NULL,
  `image` varchar(1000) DEFAULT NULL,
  `date` timestamp NOT NULL DEFAULT CURRENT_TIMESTAMP,
  `comment` varchar(1000) DEFAULT NULL,
  PRIMARY KEY (`reviewNo`),
  KEY `fk_review_customerNo_idx` (`customerNo`),
  KEY `fk_review_storeNo_idx` (`storeNo`),
  CONSTRAINT `fk_review_customerNo` FOREIGN KEY (`customerNo`) REFERENCES `customer` (`customerNo`) ON DELETE CASCADE ON UPDATE NO ACTION,
  CONSTRAINT `fk_review_storeNo` FOREIGN KEY (`storeNo`) REFERENCES `store` (`storeNo`) ON DELETE CASCADE ON UPDATE NO ACTION
) ENGINE=InnoDB AUTO_INCREMENT=50 DEFAULT CHARSET=utf8;
/*!40101 SET character_set_client = @saved_cs_client */;

--
-- Dumping data for table `review`
--

LOCK TABLES `review` WRITE;
/*!40000 ALTER TABLE `review` DISABLE KEYS */;
INSERT INTO `review` VALUES (2,2,22,100,'이야 둘이 먹다가 하나가 죽을거 같네요 너무 맛있습니다',5,'salmon.jpg','2020-08-25 15:00:00','감사합니다 앞으로 더욱 분발하겠습니다'),(3,3,24,100,'아니 무슨 음식을 이런식으로 만듭니까? 무슨 맛이 이래요?',1,'salmon.jpg','2020-08-25 15:00:00','죄송합니다 주방장이 최근에 바뀐 바람에 그런것 같습니다 교육 시키겠습니다 '),(4,4,24,100,'그저 그래요',4,'salmon.jpg','2020-08-26 15:00:00','감사합니다'),(5,5,22,100,'음식이 따뜻하고 포장이 깔끔해서 배달 음식이 아니라 정성들인 집밥을 먹는 것 같아요',5,'salmon.jpg','2020-08-24 15:00:00','좋은 후기 감사합니다'),(6,6,26,100,'혹시나 저희 말 안믿으실까봐 해서 올려요 고기 하나도 안 익혀있고 익힌건 그렇다 쳐도 양은 너무하네요',1,'salmon.jpg','2020-08-24 15:00:00','고객님 담부터 요리해서 드세요 어떤 고기가 3시간을 끓이는데 안익을까요'),(7,6,22,100,'사진없음',3,NULL,'2020-08-28 15:00:00',NULL),(8,9,22,100,'국물에 전분 넣으신건지 푹 우려낸맛 내려고 고생한 비만 나는 고기 국물',3,NULL,'2020-08-23 15:00:00','나하고 1000만원 내기 합시다 곰탕국물이 전분을 푼 것이라면 냉장고에 넣어서 차갑게 식힐때에 묵이 안 될 것이고 진짜 곰탕이라면 묵이 될 것입니다'),(9,10,22,113,'다 식어서 왔음  dhkdhdkhdkd그리고 진자 너무 맛이 없어서어어어ㅓ어어어어엉허ㅏ하하하하히마ㅓㅇ;리ㅏ머;ㄴ아ㅣ럼;이ㅏ럼;ㅣ아럼;이ㅏ럼;ㅣ아럼;ㅇ니ㅏ럼;ㅣ아럼;ㅣ아러',2,NULL,'2020-08-31 15:00:00','안녕하세요 대댓 테스트'),(10,11,22,100,'',3,NULL,'2020-09-01 15:00:00','흠냐~~감사링~'),(11,12,22,100,'페이징',2,NULL,'2020-09-01 15:00:00','안냥~\n'),(12,13,22,113,'둘이먹다가 너무 맛있어서 한명이 죽었습니다 책임지시죠',5,NULL,'2020-09-01 15:00:00','과찬이십니다'),(13,14,22,113,'주방장이 백종원씨 인가봐요? 너무 맛있네요 ',5,NULL,'2020-09-01 15:00:00','감사합니다 많이 이용해주세요'),(14,15,22,113,'맛없어죽겠음',3,NULL,'2020-09-01 15:00:00',NULL),(15,16,22,113,'맛없어죽겠음',3,NULL,'2020-09-01 15:00:00',NULL),(16,17,22,113,'맛없어죽겠음',3,NULL,'2020-09-01 15:00:00',NULL),(17,18,22,113,'맛없어죽겠음',3,NULL,'2020-09-01 15:00:00',NULL),(18,19,22,113,'맛있음',2,NULL,'2020-09-01 15:00:00',NULL),(19,20,22,113,'맛있음',5,NULL,'2020-09-01 15:00:00',NULL),(20,21,22,113,'페이징작업개빡시네',4,NULL,'2020-09-05 15:00:00','그렇죠?'),(21,22,22,113,'가가가가가',1,NULL,'2020-09-06 15:00:00','감사합니다'),(22,23,22,113,'나나나나',2,NULL,'2020-09-06 15:00:00',NULL),(23,24,22,113,'다다다',3,NULL,'2020-09-06 15:00:00',NULL),(24,34,22,125,'강아지가 귀여워서 그냥 올림',3,NULL,'2020-09-08 02:41:12','dd'),(25,35,22,130,'강아지',2,NULL,'2020-09-08 02:48:50','감사합니당\n'),(26,36,22,130,'ㅁㄴㅇㅁㅇㅁㄴㅇㅁㄴㅇㅇㅁㄴ',5,'whiteDog.jpg','2020-09-08 02:50:28',NULL),(27,37,22,131,'커피가 자판기 커피 맛이네요 그냥 내가 직접 만들어서 먹는게 낫겠어요',1,'support2.png','2020-09-08 02:52:51','죄송합니다 고객님 저희는 아프리카에서 직접 공수해오는 에티오피아 커피를 사용하여 만들고 있습니다 고객님의 입맛에 안맞으신다면 저희도 어쩔수 없지요 (__) 최선의 서비스를 다하겠습니다'),(28,38,22,145,'ㅇㅇㅇㅇㅇ',3,NULL,'2020-09-08 03:01:49','주문해주셔서 감사합니다~'),(31,41,22,145,'별점 3점',3,NULL,'2020-09-08 03:32:04','왜3점밖에안돼\n왜3점밖에안돼\n왜3점밖에안돼\n왜3점밖에안돼'),(32,42,22,145,'별점 4점',4,NULL,'2020-09-08 03:32:13','4점도 감사합니다~~~'),(33,43,22,145,'별점 5점',5,NULL,'2020-09-08 03:32:21','감사합니다~~~'),(34,44,22,145,'아니 저기여 사장님 제가 발로 만들어도 음식 이것보단 잘만들거 같아요 ',0,NULL,'2020-09-08 03:32:35','죄송합니다 간혹 저희 주방장에 x맨 같은 사람이 있어가지고요...... 좀더 신경쓰도록 하겠습니다'),(35,46,22,126,'빵점줄거야',0,NULL,'2020-09-08 04:33:37',NULL),(36,49,22,145,'감사히 잘먹었습니다!!!',3,NULL,'2020-09-08 09:06:14','그래<br/>감사히 잘먹었다니<br/>기분이 좋구나ㅣ'),(37,50,22,145,'엔터키테스트엔터키테스트엔터키테스트엔터키테스트엔터키테스트엔터키테스트\r\n엔터키테스트엔터키테스트엔터키테스트엔터키테스트엔터키테스트엔터키테스트\r\n엔터키테스트엔터키테스트엔터키테스트엔터키테스트엔터키테스트엔터키테스트',2,NULL,'2020-09-09 00:23:27','주인장엔터키주인장엔터키주인장엔터키주인장엔터키주인장엔터키주인장엔터키\n주인장엔터키주인장엔터키주인장엔터키주인장엔터키주인장엔터키주인장엔터키\n주인장엔터키주인장엔터키주인장엔터키주인장엔터키주인장엔터키'),(38,51,22,144,'엔터키엔터키엔터키엔터키엔터키엔터키엔터키엔터키엔터키엔터키\r\n엔터키엔터키엔터키엔터키엔터키엔터키엔터키엔터키엔터키엔터키엔터키\r\n엔터키엔터키엔터키엔터키엔터키엔터키\r\n엔터키엔터키엔터키엔터키엔터키엔터키엔터키',2,NULL,'2020-09-09 01:32:25',NULL),(39,52,22,145,'마지막\r\n마지막\r\n마지막\r\n마지막\r\n마지막\r\n마지막\r\n마지막',1,NULL,'2020-09-09 01:40:56','왜\n왜\n왜\n또'),(40,53,22,145,'엔터키테스트진짜마지막\r\n엔터키테스트진짜마지막\r\n엔터키테스트진짜마지막',5,NULL,'2020-09-07 02:15:43','마지막\n오케이'),(41,54,22,145,'줄바꿈처리\r\n줄바꿈처리\r\n줄바꿈처리',3,NULL,'2020-09-07 03:12:15','줄바꿈안되잖아\n줄바꿈안되잖아\n줄바꿈안되잖아'),(42,55,22,145,'최고의맛\r\n최고의맛\r\n최고의맛',5,NULL,'2020-09-08 03:24:00','1\n2\n3'),(44,59,22,125,'메뉴테스트\r\n메뉴테스트',1,NULL,'2020-09-09 05:49:26','ㅁㄴㅇㄹ'),(45,60,22,157,'탕수육이 맛있어요~~!',4,NULL,'2020-09-09 07:46:28',NULL),(46,62,22,128,'라라라라ㅏㄹ',5,NULL,'2020-09-09 08:24:03','감사합니다~'),(47,63,22,151,'넘넘 맛잇어여~~~ 진짜 골든 램프 뭐시기 급임',5,NULL,'2020-09-09 08:29:40','와 감사해여 ~~ 골든 램지에여~~~'),(48,56,22,131,'짱 맛잇어여~~ 켈리포니아 스타일~',5,NULL,'2020-09-09 08:33:14',NULL),(49,28,42,125,'여기 먹어봤는데 진짜 맛없음 별 한개도 아깝다\r\n',1,NULL,'2020-09-10 09:20:06',NULL);
/*!40000 ALTER TABLE `review` ENABLE KEYS */;
UNLOCK TABLES;

--
-- Table structure for table `roulette`
--

DROP TABLE IF EXISTS `roulette`;
/*!40101 SET @saved_cs_client     = @@character_set_client */;
/*!50503 SET character_set_client = utf8mb4 */;
CREATE TABLE `roulette` (
  `customerNo` int(10) NOT NULL,
  `date` timestamp NULL DEFAULT NULL,
  `used` varchar(10) DEFAULT 'F',
  KEY `fk_roulette_customerNo_idx` (`customerNo`),
  CONSTRAINT `fk_roulette_customerNo` FOREIGN KEY (`customerNo`) REFERENCES `customer` (`customerNo`) ON DELETE CASCADE ON UPDATE NO ACTION
) ENGINE=InnoDB DEFAULT CHARSET=utf8 COMMENT='룰렛 이벤트 중일때 사용 하는 테이블\n회원이 1일에 1개 사용가능 (1개 초과 누적 불가능 / 0개일때 접속시 지급)';
/*!40101 SET character_set_client = @saved_cs_client */;

--
-- Dumping data for table `roulette`
--

LOCK TABLES `roulette` WRITE;
/*!40000 ALTER TABLE `roulette` DISABLE KEYS */;
INSERT INTO `roulette` VALUES (35,'2020-09-08 15:00:00','T'),(39,'2020-09-09 15:00:00','T'),(22,'2020-09-10 15:00:00','T'),(52,'2020-09-10 15:00:00','T'),(53,'2020-09-10 15:00:00','F'),(55,'2020-09-10 15:00:00','F'),(43,'2020-09-10 15:00:00','T'),(24,'2020-09-10 15:00:00','F'),(59,'2020-09-10 15:00:00','F'),(60,'2020-09-10 15:00:00','F'),(40,'2020-09-10 15:00:00','F'),(61,'2020-09-10 15:00:00','F'),(62,'2020-09-10 15:00:00','T'),(42,'2020-09-11 15:00:00','F'),(58,'2020-09-11 15:00:00','F'),(26,'2020-09-11 15:00:00','F'),(41,'2020-09-11 15:00:00','T'),(33,'2020-09-11 15:00:00','F');
/*!40000 ALTER TABLE `roulette` ENABLE KEYS */;
UNLOCK TABLES;

--
-- Table structure for table `store`
--

DROP TABLE IF EXISTS `store`;
/*!40101 SET @saved_cs_client     = @@character_set_client */;
/*!50503 SET character_set_client = utf8mb4 */;
CREATE TABLE `store` (
  `storeNo` int(10) NOT NULL AUTO_INCREMENT,
  `ceoNo` int(10) DEFAULT NULL,
  `name` varchar(50) NOT NULL,
  `roadAddress` varchar(100) NOT NULL,
  `detailAddress` varchar(100) NOT NULL,
  `category` varchar(50) NOT NULL,
  `phone` varchar(20) NOT NULL,
  `storeHours` varchar(100) NOT NULL,
  `message` varchar(1000) DEFAULT NULL,
  `image` varchar(200) DEFAULT 'store_basic_img.jpg',
  `points` int(10) DEFAULT '0',
  `orderCount` int(10) DEFAULT '0',
  `deliveryArea` varchar(300) DEFAULT NULL,
  `regNo` varchar(50) NOT NULL,
  `sido` varchar(45) NOT NULL,
  `reviewCount` int(10) DEFAULT '0',
  PRIMARY KEY (`storeNo`),
  KEY `ceoNo_idx` (`ceoNo`),
  CONSTRAINT `fk_store_ceoNo` FOREIGN KEY (`ceoNo`) REFERENCES `ceo` (`ceoNo`) ON DELETE CASCADE ON UPDATE NO ACTION
) ENGINE=InnoDB AUTO_INCREMENT=161 DEFAULT CHARSET=utf8;
/*!40101 SET character_set_client = @saved_cs_client */;

--
-- Dumping data for table `store`
--

LOCK TABLES `store` WRITE;
/*!40000 ALTER TABLE `store` DISABLE KEYS */;
INSERT INTO `store` VALUES (100,100,'바토스','서울특별시 용산구 이태원1동 ','이태원로15길 1','한식','0101234578','12시~18시','백대표님의 솔루션을 받은 가게입니다','drink2.jpg',1,0,'전포동/부전동','123-12-12345','서울',0),(113,5,'자금성','부산 부산진구 동천로 109','1층','중식','05112341234','00시~17시','자금성입니다.\r\n많이시켜주세요.','자금성.png',2,1,'전포동/부전동/','1234567890','부산',0),(116,114,'미미중국집','부산 부산진구 동천로 109','1층','중식','12341234','23시~03시','짜장면 맛집이야','짜장면4.png',4,0,'부전동/전포동','123-12-12345','서울',0),(119,100,'마포갈비','서울 마포구 마포대로 112-4','1층','한식','027199292','11시~23시 ','진짜 원조 최대포 달달한 갈비','원조마포갈비.jpg',5,0,'전포동/부전동/','1102039402','서울',0),(120,100,'마포갈비','서울 마포구 마포대로 112-4','1층','한식','027199292','11시~23시 ','진짜 원조 최대포 달달한 갈비','원조마포갈비.jpg',1,0,'전포동/부전동/','1102039402','서울',0),(123,100,'마포갈비','서울 마포구 마포대로 112-4','1층','한식','027199292','11시~23시 ','진짜 원조 최대포 달달한 갈비','원조마포갈비.jpg',1,0,'전포동/부전동/','1102039402','서울',0),(124,100,'마포갈비','서울 마포구 마포대로 112-4','1층','한식','027199292','11시~23시 ','진짜 원조 최대포 달달한 갈비','원조마포갈비.jpg',1,0,'전포동/부전동/','1102039402','서울',0),(125,115,'안동찜닭','부산 부산진구 동천로 109','1층 안동찜닭','한식','05112343734','00시~00시','안녕하세요. 안동찜닭 전문점입니다.\r\n많이 시켜주세요.','안동찜닭.jpg',2,6,'전포동/부전동','1234567890','부산',2),(126,115,'김밥마을','부산 부산진구 동천로 109','2층 김밥마을','한식','0511234567','12시~18시','김밥마을입니다.\r\n돈까스 맛있어요.','김밥마을.jpg',0,0,'부전동/전포동','0987654321','부산',1),(127,116,'미각','부산 부산진구 동천로 109','1층','중식','0511234123','09시 ~21시 ','중식집 미각입니다.','미각.jpg',0,0,'전포동/부전동','405-05-98965','부산',0),(128,114,'미미곱창','부산 부산진구 동천로 109','1층','일식','0511231233','10시~02시','미미 곱창... 입니다....안녕....하...세....효......\r\n','미미곱창1.jpg',5,0,'부전동/전포동','1234567890','부산',1),(129,116,'짬뽕명가','부산 부산진구 동천로 109','1층','중식','05124613241','00시~09시','짬뽕명가 입니다.','짬뽕명가.JPG',0,0,'부전동/전포동','560-36-00739','부산',0),(130,118,'신전떡볶이 ','부산 부산진구 동천로 109','1층','한식','0511234567','10시 ~16시 ','최선을 다하겠습니다.','신전떡볶이.JPG',3,4,'부전동/전포동','1001010000','부산',0),(131,114,'미미카페','부산 부산진구 동천로 109','1층','한식','051123456','10시~19시','안녕하세요~~~ 미미카페입니다\r\n코로나 이벤트 중이에요 \r\n아메리카노 200원','미미디져트.PNG',5,7,'부전동/전포동','1234567891','부산',1),(132,119,'내공초밥','부산 부산진구 동천로 109','1층','일식','0513222223','10시 ~00시 ','일식의 명가','내공초밥.jpg',0,0,'부전동/전포동/당감동','1234123412','부산',0),(134,115,'신흥원훠궈','부산 부산진구 동천로 109','1층','중식','0517777777','10시~22시','많이 시켜주세요. 맛있어요.','신흥원훠거.jpg',0,0,'부전동/전포동','1234567890','부산',0),(136,116,'아리원','부산 부산진구 동천로 109','1층','중식','05153261341','07시 ~17시 ','아리원 입니다.','아리원메인2.JPG',0,0,'','371-32-00335','',0),(137,118,'두마리찜닭','부산 부산진구 동천로 109','1층','한식','0541234','17시~22시','','두마리찜닭.JPG',0,1,'부전동/전포동','100-1000-10000','부산',0),(139,3,'카라돈','부산 부산진구 동천로 109','1층','일식','0512342351','23시 ~03시 ','카드 사절입니다\r\n','카라돈1.jpg',0,0,'전포동/부전동','1369781234','',0),(141,115,'양첸반점','부산 부산진구 동천로 109','1층','중식','0511231234','00시~00시','양첸반점입니다.\r\n많이 시켜주세요.\r\n사랑합니다.','양첸반점.jpg',0,0,'부전동/전포동','1234567890','부산',0),(142,116,'가빈','부산 부산진구 동천로 109','1층','중식','05186542111','13시 ~21시 ','가빈입니다.','가빈-메인1.JPG',0,0,'부전동/전포동','	605-21-86322','부산',0),(143,114,'미미초밥','부산 부산진구 동천로 109','1층','한식','02123456','03시~18시','미미 초밥 ','초밥.jpg',0,0,'부전동/전포동','1234554444','',0),(144,3,'마끼마끼','부산 부산진구 동천로 109','1층','한식','051234423','20시 ~06시 ','그날 그날 잡은 신선한 재료를 사용합니다\r\n','마끼마끼.jpg',2,1,'전포동/부전동','1322121231','부산',1),(145,118,'브라더집밥','부산 부산진구 동천로 109','1층','한식','051123456','03시 ~05시 ','','브라더집밥.JPG',39,2,'부전동/전포동','100-10-10000','부산',14),(146,115,'더시카고짬뽕','부산 부산진구 동천로 109','1층 더시카고짬뽕','중식','0511231234','08시~20시','더시카고짬뽕입니다.\r\n많이 사랑해주세요.\r\n현금 결제 사랑합니다.','더시카고짬뽕.jpg',0,0,'부전동/전포동','1234567890','부산',0),(147,116,'경회루','부산 부산진구 동천로 109','1층','중식','05155512521','07시 ~19시 ','경회루 입니다.','경회루-메인.JPG',0,0,'부전동/전포동','	389-22-00069','부산',0),(148,114,'미미닭','부산 부산진구 동천로 109','1층','한식','051456134','11시~19시','미미닭 핫핫','닭.png',0,0,'부전동/전포동','1234567890','',0),(149,3,'압구정마녀떡볶이','부산 부산진구 동천로 109','1층','일식','0516239784','12시 ~23시 ','떡볶이의 인싸가 되겠습니다 ','압구정마녀떡볶이.jpg',0,0,'전포동/부전동','2342359784','부산',0),(151,114,'미미햄버거','부산 부산진구 동천로 109','1층','일식','05112345678','01시~21시','야식만 해요 미미햄버거','버거.PNG',5,0,'부전동/전포동','1234550000','부산',1),(152,3,'랍스터 매니아','부산 부산진구 동천로 109','1층','일식','0519861658','01시 ~23시 ','저희 게 매니아는 중간마진없이 가장 저렴한 가격으로 제공 합니다','랍스터매니아.jpg',0,0,'부전동/전포동','2342359784','',0),(153,118,'족발삶는마을-본점','부산 부산진구 동천로 109','1층','한식','0511234567','13시 ~20시 ','','족살마1.JPG',0,0,'전포동/부전동','100-10-10000','',0),(154,116,'신흥원훠궈','부산 부산진구 동천로 109','1층','중식','05164385654','19시 ~07시 ','신흥원 훠궈입니다.','신흥원훠궈 메인.JPG',0,0,'부전동/전포동','251-33-00789','부산',0),(155,115,'갈매기짬뽕','부산 부산진구 동천로 109','1층 갈매기짬뽕','중식','0511234123','10시~23시','갈매기짬뽕입니다.','갈매기짬뽕.jpg',0,0,'전포동/부전동','1234567890','부산',0),(156,3,'경성 25시미도참치','부산 부산진구 동천로 109','1층','일식','051745434','01시 ~23시 ','저희 게 매니아는 중간마진없이 가장 저렴한 가격으로 제공 합니다','경성25시미도참치.jpg',0,0,'부전동/전포동','234623523','부산',0),(157,115,'엄청맛있는탕수육','부산 부산진구 동천로 109','1층 엄청맛있는탕수육','중식','0511231234','12시~22시','탕수육 엄청 맛있습니다.','엄청맛있는탕수육.jpg',4,1,'전포동/부전동','1234567890','부산',1),(158,118,'삼한초밥','부산 부산진구 동천로 109','1층','일식','0511234567','10시 ~20시 ','','잉잉초밥.JPG',0,0,'부전동/전포동','100-10-10000','부산',0),(159,5,'','','','한식','','00시~00시','',NULL,0,0,'','','',0),(160,5,'','','','한식','','00시~00시','',NULL,0,0,'','','',0);
/*!40000 ALTER TABLE `store` ENABLE KEYS */;
UNLOCK TABLES;

--
-- Table structure for table `test_table`
--

DROP TABLE IF EXISTS `test_table`;
/*!40101 SET @saved_cs_client     = @@character_set_client */;
/*!50503 SET character_set_client = utf8mb4 */;
CREATE TABLE `test_table` (
  `No` int(11) NOT NULL,
  `password` blob,
  `email` blob,
  `test_tablecol` varchar(45) DEFAULT NULL,
  PRIMARY KEY (`No`)
) ENGINE=InnoDB DEFAULT CHARSET=utf8;
/*!40101 SET character_set_client = @saved_cs_client */;

--
-- Dumping data for table `test_table`
--

LOCK TABLES `test_table` WRITE;
/*!40000 ALTER TABLE `test_table` DISABLE KEYS */;
INSERT INTO `test_table` VALUES (1,NULL,NULL,NULL),(2,NULL,_binary 'test@naver.com','0');
/*!40000 ALTER TABLE `test_table` ENABLE KEYS */;
UNLOCK TABLES;
/*!40103 SET TIME_ZONE=@OLD_TIME_ZONE */;

/*!40101 SET SQL_MODE=@OLD_SQL_MODE */;
/*!40014 SET FOREIGN_KEY_CHECKS=@OLD_FOREIGN_KEY_CHECKS */;
/*!40014 SET UNIQUE_CHECKS=@OLD_UNIQUE_CHECKS */;
/*!40101 SET CHARACTER_SET_CLIENT=@OLD_CHARACTER_SET_CLIENT */;
/*!40101 SET CHARACTER_SET_RESULTS=@OLD_CHARACTER_SET_RESULTS */;
/*!40101 SET COLLATION_CONNECTION=@OLD_COLLATION_CONNECTION */;
/*!40111 SET SQL_NOTES=@OLD_SQL_NOTES */;

-- Dump completed on 2020-09-12  1:28:17
